Workbook

Sheet Lisez-moi
B2: Rubrique | C2: Contenu
B3: Objet | C3: Base de données du mémoire MS MQDE : transmission des prix alimentaires mondiaux à l'inflation dans les 8 pays de l'UEMOA. Panel mensuel 2000-01 à 2026-09.
B4: Origine | C4: Fusion du classeur Base_donnees_memoire_UEMOA_v2 et du fichier MQDE_UEMOA_base_donnees_v1, mise au format GSA (onglets Source et Data, noms de séries du modèle).
B5: État | C5: Les séries temporelles sont vides : seules les caractéristiques par pays (onglet Pays) et les valeurs de contrôle (onglet Controle) sont renseignées.
B7: Collecte, étape 1 | C7: Onglet Monde : coller fao_food et les sous-indices FAO (un CSV), oil_usd et les prix par produit (Pink Sheet), eur_usd (BCE), gscpi (Fed de New York).
B8: Collecte, étape 2 | C8: Onglets pays (BEN, BFA, CIV, GNB, MLI, NER, SEN, TGO) : coller cpi_all et cpi_food depuis FAOSTAT, un pays par onglet.
B9: Collecte, étape 3 | C9: Onglet Suivi : vérifier la ligne « Baseline prête à lancer ». Le code peut alors tourner sur l'onglet Data.
B10: Collecte, étape 4 | C10: Ensuite seulement : cpi_all_alt et cpi_food_alt (recoupement), onglet Annuel, bceao_import_food, rain_anom.
B12: Où coller | C12: Cellules blanches des onglets Monde, des onglets pays et de l'onglet Annuel. Le détail de chaque série (source, fichier, lien) est dans l'onglet Source.
B13: Couleurs | C13: Blanc : à coller. Turquoise clair : formule, ne pas écraser. Gris clair : valeur pré-remplie.
B14: Format | C14: Date en texte AAAA-MM (AAAA dans l'onglet Annuel). Indices et prix en niveau, bruts : aucune variation calculée à la main. Vérifier le séparateur décimal au collage.
B15: Exemple fictif de ligne | C15: Onglet SEN : Date = 2024-03 ; cpi_all = 128,4 ; cpi_food = 141,7. Onglet Monde : Date = 2024-03 ; fao_food = 118,9 ; oil_usd = 84,7 ; eur_usd = 1,087.
... B26: Vigilance 4 | C26: Onglet Controle : l'alignement des dates des valeurs BCEAO reste à confirmer ; les inflations par pays viennent de l'autre fichier et n'ont pas été vérifiées.

Sheet Source
B2: Nom de la série | C2: Fréquence | D2: Type de couverture | E2: Couverture | F2: Source | G2: Unité | H2: Priorité | I2: Onglet | J2: Mode de remplissage | K2: Fichier / série à prendre | L2: Lien | M2: Source de secours | N2: Rôle dans le modèle | O2: Vérification de la source | P2: Statut | Q2: Remarque
B3: cpi_all | C3: mensuelle | D3: Pays | E3: Pays zone UMOA | F3: FAOSTAT, Consumer Price Indices (origine BCEAO / instituts nationaux) | G3: Indice, 2015 = 100 | H3: P0 | I3: Onglets pays | J3: À coller | K3: « General CPI », 8 pays, tous les mois depuis 2000-01, avec les flags | L3: https://data.apps.fao.org/catalog/dataset/941c71b7-137c-49a1-a128-3d71fb24a1de | M3: FMI, CPI ; Banque mondiale ; BCEAO EDEN | N3: Variable dépendante (inflation totale) | O3: Page ouverte le 02/10/2026 | P3: À collecter | Q3: Série annoncée jusqu'à 2025-06. FAOSTAT comble les trous par estimation : reporter les flags dans quality_flag. IHPC rebasé en janvier 2025.
B4: cpi_food | C4: mensuelle | D4: Pays | E4: Pays zone UMOA | F4: FAOSTAT, Consumer Price Indices (origine BCEAO / instituts nationaux) | G4: Indice, 2015 = 100 | H4: P0 | I4: Onglets pays | J4: À coller | K4: « Food CPI », même extraction que cpi_all | L4: https://data.apps.fao.org/catalog/dataset/941c71b7-137c-49a1-a128-3d71fb24a1de | M4: FMI, CPI détaillé ; Banque mondiale ; BCEAO EDEN | N4: Variable dépendante (inflation alimentaire) | O4: Page ouverte le 02/10/2026 | P4: À collecter | Q4: Mêmes limites que cpi_all. Coller l'indice en niveau, jamais un taux d'inflation.
B5: fao_food | C5: mensuelle | D5: Monde | E5: Monde | F5: FAO, Food Price Index (nominal) | G5: Indice, 2014-2016 = 100 | H5: P0 | I5: Monde | J5: À coller | K5: « CSV: Nominal indices (monthly, 1990 onwards) », colonne Food Price Index | L5: https://www.fao.org/worldfoodsituation/foodpricesindex/en/ | M5: FMI, PCPS | N5: Choc principal | O5: Page ouverte le 02/10/2026 | P5: À collecter | Q5: Indice en dollars. Dernier point publié lors de la vérification : août 2026.
B6: oil_usd | C6: mensuelle | D6: Monde | E6: Monde | F6: Banque mondiale, Pink Sheet | G6: USD par baril | H6: P0 | I6: Monde | J6: À coller | K6: CMO-Historical-Data-Monthly.xlsx, feuille Monthly Prices, « Crude oil, Brent » | L6: https://thedocs.worldbank.org/en/doc/18675f1d1639c7a34d463f59263ba0a2-0050012025/related/CMO-Historical-Data-Monthly.xlsx | M6: FMI, PCPS ; bulletin BCEAO | N6: Contrôle (énergie) | O6: Lien relevé ; contenu de mémoire | P6: À collecter | Q6: Garder le Brent sur toute la période. Le bulletin BCEAO publie une moyenne WTI et Brent, non comparable terme à terme.
B7: usd_xof | C7: mensuelle | D7: Zone | E7: Zone UMOA | F7: Calcul : parité FCFA/EUR divisée par eur_usd | G7: FCFA pour 1 USD | H7: P0 | I7: Monde | J7: Formule | K7: Aucun téléchargement | M7: Bulletin BCEAO ; FMI, Exchange Rates | N7: Contrôle (change) ; conversion du choc en FCFA | O7: Calcul | P7: Sans objet | Q7: Découle de la parité fixe. Une série directe (BCEAO, FMI) peut remplacer la formule : écraser alors la colonne.
B8: eur_usd | C8: mensuelle | D8: Monde | E8: Monde | F8: BCE, Data Portal | G8: USD pour 1 EUR, moyenne du mois | H8: P0 | I8: Monde | J8: À coller | K8: Série EXR.M.USD.EUR.SP00.A | L8: https://data.ecb.europa.eu/ | M8: Banque de France ; FRED | N8: Sert à calculer usd_xof | O8: De mémoire, à vérifier | P8: À collecter | Q8: Prendre la moyenne mensuelle, pas la fin de mois.
B9: fao_cereals | C9: mensuelle | D9: Monde | E9: Monde | F9: FAO, Food Price Index | G9: Indice, 2014-2016 = 100 | H9: P1 | I9: Monde | J9: À coller | K9: Même CSV que fao_food, colonne Cereals | L9: https://www.fao.org/worldfoodsituation/foodpricesindex/en/ | M9: FMI, PCPS | N9: Choc par famille de produits | O9: Page ouverte le 02/10/2026 | P9: À collecter | Q9: Mélange blé, maïs et riz : pour le riz seul, utiliser rice_thai.
B10: fao_oils | C10: mensuelle | D10: Monde | E10: Monde | F10: FAO, Food Price Index | G10: Indice, 2014-2016 = 100 | H10: P1 | I10: Monde | J10: À coller | K10: Même CSV, colonne Vegetable Oils | L10: https://www.fao.org/worldfoodsituation/foodpricesindex/en/ | M10: FMI, PCPS | N10: Choc par famille ; composante de import_food_idx | O10: Page ouverte le 02/10/2026 | P10: À collecter
B11: fao_sugar | C11: mensuelle | D11: Monde | E11: Monde | F11: FAO, Food Price Index | G11: Indice, 2014-2016 = 100 | H11: P1 | I11: Monde | J11: À coller | K11: Même CSV, colonne Sugar | L11: https://www.fao.org/worldfoodsituation/foodpricesindex/en/ | M11: FMI, PCPS | N11: Choc par famille de produits | O11: Page ouverte le 02/10/2026 | P11: À collecter
B12: fao_dairy | C12: mensuelle | D12: Monde | E12: Monde | F12: FAO, Food Price Index | G12: Indice, 2014-2016 = 100 | H12: P1 | I12: Monde | J12: À coller | K12: Même CSV, colonne Dairy | L12: https://www.fao.org/worldfoodsituation/foodpricesindex/en/ | M12: FMI, PCPS | N12: Composante de import_food_idx | O12: Page ouverte le 02/10/2026 | P12: À collecter
B13: fao_meat | C13: mensuelle | D13: Monde | E13: Monde | F13: FAO, Food Price Index | G13: Indice, 2014-2016 = 100 | H13: P2 | I13: Monde | J13: À coller | K13: Même CSV, colonne Meat | L13: https://www.fao.org/worldfoodsituation/foodpricesindex/en/ | M13: FMI, PCPS | N13: Complément | O13: Page ouverte le 02/10/2026 | P13: À collecter | Q13: Gratuit à collecter : même fichier.
B14: rice_thai | C14: mensuelle | D14: Monde | E14: Monde | F14: Banque mondiale, Pink Sheet | G14: USD par tonne | H14: P1 | I14: Monde | J14: À coller | K14: Même fichier que oil_usd, « Rice, Thai 5% » | L14: https://thedocs.worldbank.org/en/doc/18675f1d1639c7a34d463f59263ba0a2-0050012025/related/CMO-Historical-Data-Monthly.xlsx | M14: FMI, PCPS | N14: Choc riz ; composante de import_food_idx | O14: Lien relevé ; contenu de mémoire | P14: À collecter | Q14: Le riz pèse 30,5 % des importations alimentaires de l'UEMOA (BCEAO 2023).
B15: wheat_hrw | C15: mensuelle | D15: Monde | E15: Monde | F15: Banque mondiale, Pink Sheet | G15: USD par tonne | H15: P1 | I15: Monde | J15: À coller | K15: Même fichier, « Wheat, US HRW » | L15: https://thedocs.worldbank.org/en/doc/18675f1d1639c7a34d463f59263ba0a2-0050012025/related/CMO-Historical-Data-Monthly.xlsx | M15: FMI, PCPS | N15: Choc blé ; composante de import_food_idx | O15: Lien relevé ; contenu de mémoire | P15: À collecter
B16: palm_oil | C16: mensuelle | D16: Monde | E16: Monde | F16: Banque mondiale, Pink Sheet | G16: USD par tonne | H16: P2 | I16: Monde | J16: À coller | K16: Même fichier, « Palm oil » | L16: https://thedocs.worldbank.org/en/doc/18675f1d1639c7a34d463f59263ba0a2-0050012025/related/CMO-Historical-Data-Monthly.xlsx | M16: FMI, PCPS | N16: Variante pour les huiles | O16: Lien relevé ; contenu de mémoire | P16: À collecter
B17: sugar_world | C17: mensuelle | D17: Monde | E17: Monde | F17: Banque mondiale, Pink Sheet | G17: USD par kg | H17: P1 | I17: Monde | J17: À coller | K17: Même fichier, « Sugar, world » | L17: https://thedocs.worldbank.org/en/doc/18675f1d1639c7a34d463f59263ba0a2-0050012025/related/CMO-Historical-Data-Monthly.xlsx | M17: FMI, PCPS | N17: Choc sucre ; composante de import_food_idx | O17: Lien relevé ; contenu de mémoire | P17: À collecter
B18: maize | C18: mensuelle | D18: Monde | E18: Monde | F18: Banque mondiale, Pink Sheet | G18: USD par tonne | H18: P2 | I18: Monde | J18: À coller | K18: Même fichier, « Maize » | L18: https://thedocs.worldbank.org/en/doc/18675f1d1639c7a34d463f59263ba0a2-0050012025/related/CMO-Historical-Data-Monthly.xlsx | M18: FMI, PCPS | N18: Complément (substituts locaux mil et sorgho) | O18: Lien relevé ; contenu de mémoire | P18: À collecter
B19: gscpi | C19: mensuelle | D19: Monde | E19: Monde | F19: Federal Reserve Bank of New York | G19: Écarts-types par rapport à la moyenne | H19: P1 | I19: Monde | J19: À coller | K19: Fichier de données de la page GSCPI | L19: https://www.newyorkfed.org/research/policy/gscpi | M19: Aucune | N19: Contrôle (fret et chaînes d'approvisionnement) | O19: Page ouverte le 02/10/2026 | P19: À collecter | Q19: Début de série (1998) cité de mémoire.
B20: bceao_import_food | C20: mensuelle | D20: Zone | E20: Zone UMOA | F20: BCEAO, Bulletin mensuel des statistiques, tableau 1.1.3.1 | G20: Indice, 100 = 01/01/2017 | H20: P1 | I20: Monde | J20: À coller | K20: « Cours mondiaux des principaux produits alimentaires » ; sources Bloomberg et FAO, calcul BCEAO | L20: https://www.bceao.int/fr/publications/bulletins | M20: import_food_idx (reconstruction) | N20: Choc alternatif propre à l'UEMOA (robustesse) | O20: Bulletin de janvier 2026 lu le 02/10/2026 | P20: À collecter | Q20: Chaque bulletin ne montre qu'une fenêtre de mois : l'historique se reconstitue bulletin par bulletin, ou via la base EDEN. Coûteux : après la baseline.
B21: import_food_idx | C21: mensuelle | D21: Zone | E21: Zone UMOA | F21: Calcul à partir des parts d'importation de BCEAO (2023), p. 11 | G21: Indice, 100 au premier mois complet | H21: P1 | I21: Monde | J21: Formule | K21: Aucun téléchargement : rice_thai, wheat_hrw, fao_oils, sugar_world, fao_dairy | L21: https://www.bceao.int/fr/publications/degre-de-transmission-des-prix-internationaux-dans-luemoa | M21: bceao_import_food | N21: Choc alternatif propre à l'UEMOA (robustesse) | O21: Calcul | P21: Sans objet | Q21: Reconstruction : les cinq produits couvrent 57,2 % des importations alimentaires ; poids dans Parametres.
B22: cpi_all_alt | C22: mensuelle | D22: Pays | E22: Pays zone UMOA | F22: Banque mondiale, Global Database of Inflation | G22: Indice | H22: P1 | I22: Onglets pays | J22: À coller | K22: Fichier Excel « Inflation data », feuille mensuelle de l'IPC total | L22: https://www.worldbank.org/en/research/brief/inflation-database | M22: FMI, CPI | N22: Recoupement de cpi_all | O22: Page ouverte le 02/10/2026 | P22: À collecter | Q22: Sert à repérer les mois estimés par FAOSTAT et les ruptures de base.
B23: cpi_food_alt | C23: mensuelle | D23: Pays | E23: Pays zone UMOA | F23: Banque mondiale, Global Database of Inflation | G23: Indice | H23: P1 | I23: Onglets pays | J23: À coller | K23: Même fichier, feuille mensuelle de l'IPC alimentaire | L23: https://www.worldbank.org/en/research/brief/inflation-database | M23: FMI, CPI détaillé | N23: Recoupement de cpi_food | O23: Page ouverte le 02/10/2026 | P23: À collecter
B24: quality_flag | C24: mensuelle | D24: Pays | E24: Pays zone UMOA | F24: FAOSTAT (flags) ou annotation manuelle | G24: Texte | H24: P1 | I24: Onglets pays | J24: À coller | K24: Flag FAOSTAT du mois (valeur officielle, estimée, etc.) | L24: https://data.apps.fao.org/catalog/dataset/941c71b7-137c-49a1-a128-3d71fb24a1de | M24: Aucune | N24: Filtre de robustesse (exclure les mois estimés) | O24: Page ouverte le 02/10/2026 | P24: À collecter
B25: rain_anom | C25: mensuelle | D25: Pays | E25: Pays zone UMOA | F25: PAM via HDX, Rainfall Indicators at Subnational Level (CHIRPS) | G25: % de la normale | H25: P2 | I25: Onglets pays | J25: À coller | K25: Un CSV par pays, agrégé au niveau national et au mois | L25: https://data.humdata.org/dataset/sen-rainfall-subnational | M25: Aucune | N25: Contrôle de l'offre agricole locale | O25: Trouvée par recherche | P25: À collecter | Q25: Seul substitut mensuel à la production céréalière. Identifiants des jeux dans l'onglet Pays.
B26: local_agri_supply | C26: annuelle | D26: Pays | E26: Pays zone UMOA | F26: FAOSTAT, Crops and livestock products (QCL) | G26: Tonnes | H26: P1 | I26: Annuel | J26: À coller | K26: « Cereals, primary », élément Production, 8 pays | L26: https://www.fao.org/faostat/en/#data/QCL | M26: Rapports BCEAO | N26: Contrôle de l'offre locale ; hétérogénéité | O26: De mémoire, à vérifier | P26: À collecter | Q26: Production annuelle par campagne : il n'existe pas de série mensuelle.
B27: import_dependency | C27: annuelle | D27: Pays | E27: Pays zone UMOA | F27: FAOSTAT, Suite of Food Security Indicators (FS) | G27: %, moyenne sur 3 ans | H27: P1 | I27: Annuel | J27: À coller | K27: « Cereal import dependency ratio (percent) (3-year average) » | L27: https://www.fao.org/faostat/en/#data/FS | M27: import_share_cpi (onglet Pays) | N27: Hétérogénéité (interaction avec le choc) | O27: Trouvée par recherche | P27: À collecter | Q27: Affecter la moyenne triennale à son année centrale.
B28: food_imports_share | C28: annuelle | D28: Pays | E28: Pays zone UMOA | F28: Banque mondiale, WDI | G28: % des importations de marchandises | H28: P2 | I28: Annuel | J28: À coller | K28: Indicateur TM.VAL.FOOD.ZS.UN | L28: https://data.worldbank.org/indicator/TM.VAL.FOOD.ZS.UN | M28: UN Comtrade | N28: Hétérogénéité (variante) | O28: De mémoire, à vérifier | P28: À collecter
B29: gdp_real | C29: annuelle | D29: Pays | E29: Pays zone UMOA | F29: FMI, World Economic Outlook | G29: Monnaie nationale constante | H29: P2 | I29: Annuel | J29: À coller | K29: Série NGDP_R | L29: https://www.imf.org/en/Publications/WEO/weo-database | M29: Banque mondiale, WDI | N29: Écart de production (robustesse annuelle) | O29: De mémoire, à vérifier | P29: À collecter
B30: coastal | C30: fixe | D30: Pays | E30: Pays zone UMOA | F30: Géographie | G30: 1 = côtier, 0 = enclavé | H30: P1 | I30: Pays | J30: Pré-rempli | K30: Aucun téléchargement | M30: Aucune | N30: Hétérogénéité | O30: Connaissance générale | P30: Sans objet
B31: food_weight | C31: fixe | D31: Pays | E31: Pays zone UMOA | F31: BCEAO (2023), tableau a2-1 | G31: % du panier | H31: P1 | I31: Pays | J31: Pré-rempli | K31: Aucun téléchargement | L31: https://www.bceao.int/fr/publications/degre-de-transmission-des-prix-internationaux-dans-luemoa | M31: FMI, CPI weights ; notes IHPC des instituts | N31: Hétérogénéité ; mise à l'échelle du choc | O31: Document lu le 02/10/2026 | P31: Sans objet | Q31: Pour l'inflation totale, un effet plus fort là où le poids est élevé est en partie mécanique.
B32: import_share_cpi | C32: fixe | D32: Pays | E32: Pays zone UMOA | F32: BCEAO (2023), graphique a2-4 | G32: % du panier | H32: P1 | I32: Pays | J32: Pré-rempli | K32: Aucun téléchargement | L32: https://www.bceao.int/fr/publications/degre-de-transmission-des-prix-internationaux-dans-luemoa | M32: import_dependency | N32: Hétérogénéité (interaction avec le choc) | O32: Document lu le 02/10/2026 | P32: Sans objet | Q32: Porte sur tout le panier, pas sur la seule alimentation.
B33: admin_prices, subsidies | C33: événementielle | D33: Pays | E33: Pays zone UMOA | F33: Sources nationales, rapports du FMI, BCEAO | G33: Qualitatif | H33: P2 | I33: Non collecté | J33: Non collecté | K33: Pas de base à construire | N33: Interprétation des réponses par pays | O33: Sans objet | P33: Non retenu | Q33: Trop coûteux à coder pour 8 pays ; fuel_adj_freq (onglet Pays) sert d'indice indirect.
B34: conflict_crisis | C34: mensuelle | D34: Pays | E34: Pays zone UMOA | F34: ACLED | G34: Nombre d'événements | H34: P2 | I34: Non collecté | J34: Non collecté | K34: Seulement si un épisode extrême doit être expliqué | L34: https://acleddata.com/ | M34: Aucune | N34: Robustesse | O34: De mémoire, à vérifier | P34: Non retenu | Q34: Inscription requise.

Sheet Monde
A2: Date | B2: fao_food | C2: fao_cereals | D2: fao_oils | E2: fao_sugar | F2: fao_dairy | G2: fao_meat | H2: oil_usd | I2: rice_thai | J2: wheat_hrw | K2: palm_oil | L2: sugar_world | M2: maize | N2: eur_usd | O2: usd_xof | P2: gscpi | Q2: bceao_import_food | R2: import_food_idx
A3: 2000-01 | O3: =IF(N3="","",Parametres!$C$3/N3) | R3: =IF(OR(I3="",J3="",D3="",L3="",F3=""),"",100)
A4: 2000-02 | O4: =IF(N4="","",Parametres!$C$3/N4) | R4: =IF(OR(I4="",J4="",D4="",L4="",F4=""),"",IF(R3="",100,R3*EXP(Parametres!$D$11*LN(I4/I3)+Parametres!$D$12*LN(J4/J3)+Parametres!$D$13*LN(D4/D3)+Parametres!$D$14*LN(L4/L3)+Parametres!$D$15*LN(F4/F3))))
A5: 2000-03 | O5: =IF(N5="","",Parametres!$C$3/N5) | R5: =IF(OR(I5="",J5="",D5="",L5="",F5=""),"",IF(R4="",100,R4*EXP(Parametres!$D$11*LN(I5/I4)+Parametres!$D$12*LN(J5/J4)+Parametres!$D$13*LN(D5/D4)+Parametres!$D$14*LN(L5/L4)+Parametres!$D$15*LN(F5/F4))))
A6: 2000-04 | O6: =IF(N6="","",Parametres!$C$3/N6) | R6: =IF(OR(I6="",J6="",D6="",L6="",F6=""),"",IF(R5="",100,R5*EXP(Parametres!$D$11*LN(I6/I5)+Parametres!$D$12*LN(J6/J5)+Parametres!$D$13*LN(D6/D5)+Parametres!$D$14*LN(L6/L5)+Parametres!$D$15*LN(F6/F5))))
A7: 2000-05 | O7: =IF(N7="","",Parametres!$C$3/N7) | R7: =IF(OR(I7="",J7="",D7="",L7="",F7=""),"",IF(R6="",100,R6*EXP(Parametres!$D$11*LN(I7/I6)+Parametres!$D$12*LN(J7/J6)+Parametres!$D$13*LN(D7/D6)+Parametres!$D$14*LN(L7/L6)+Parametres!$D$15*LN(F7/F6))))
A8: 2000-06 | O8: =IF(N8="","",Parametres!$C$3/N8) | R8: =IF(OR(I8="",J8="",D8="",L8="",F8=""),"",IF(R7="",100,R7*EXP(Parametres!$D$11*LN(I8/I7)+Parametres!$D$12*LN(J8/J7)+Parametres!$D$13*LN(D8/D7)+Parametres!$D$14*LN(L8/L7)+Parametres!$D$15*LN(F8/F7))))
A9: 2000-07 | O9: =IF(N9="","",Parametres!$C$3/N9) | R9: =IF(OR(I9="",J9="",D9="",L9="",F9=""),"",IF(R8="",100,R8*EXP(Parametres!$D$11*LN(I9/I8)+Parametres!$D$12*LN(J9/J8)+Parametres!$D$13*LN(D9/D8)+Parametres!$D$14*LN(L9/L8)+Parametres!$D$15*LN(F9/F8))))
A10: 2000-08 | O10: =IF(N10="","",Parametres!$C$3/N10) | R10: =IF(OR(I10="",J10="",D10="",L10="",F10=""),"",IF(R9="",100,R9*EXP(Parametres!$D$11*LN(I10/I9)+Parametres!$D$12*LN(J10/J9)+Parametres!$D$13*LN(D10/D9)+Parametres!$D$14*LN(L10/L9)+Parametres!$D$15*LN(F10/F9))))
A11: 2000-09 | O11: =IF(N11="","",Parametres!$C$3/N11) | R11: =IF(OR(I11="",J11="",D11="",L11="",F11=""),"",IF(R10="",100,R10*EXP(Parametres!$D$11*LN(I11/I10)+Parametres!$D$12*LN(J11/J10)+Parametres!$D$13*LN(D11/D10)+Parametres!$D$14*LN(L11/L10)+Parametres!$D$15*LN(F11/F10))))
A12: 2000-10 | O12: =IF(N12="","",Parametres!$C$3/N12) | R12: =IF(OR(I12="",J12="",D12="",L12="",F12=""),"",IF(R11="",100,R11*EXP(Parametres!$D$11*LN(I12/I11)+Parametres!$D$12*LN(J12/J11)+Parametres!$D$13*LN(D12/D11)+Parametres!$D$14*LN(L12/L11)+Parametres!$D$15*LN(F12/F11))))
A13: 2000-11 | O13: =IF(N13="","",Parametres!$C$3/N13) | R13: =IF(OR(I13="",J13="",D13="",L13="",F13=""),"",IF(R12="",100,R12*EXP(Parametres!$D$11*LN(I13/I12)+Parametres!$D$12*LN(J13/J12)+Parametres!$D$13*LN(D13/D12)+Parametres!$D$14*LN(L13/L12)+Parametres!$D$15*LN(F13/F12))))
A14: 2000-12 | O14: =IF(N14="","",Parametres!$C$3/N14) | R14: =IF(OR(I14="",J14="",D14="",L14="",F14=""),"",IF(R13="",100,R13*EXP(Parametres!$D$11*LN(I14/I13)+Parametres!$D$12*LN(J14/J13)+Parametres!$D$13*LN(D14/D13)+Parametres!$D$14*LN(L14/L13)+Parametres!$D$15*LN(F14/F13))))
A15: 2001-01 | O15: =IF(N15="","",Parametres!$C$3/N15) | R15: =IF(OR(I15="",J15="",D15="",L15="",F15=""),"",IF(R14="",100,R14*EXP(Parametres!$D$11*LN(I15/I14)+Parametres!$D$12*LN(J15/J14)+Parametres!$D$13*LN(D15/D14)+Parametres!$D$14*LN(L15/L14)+Parametres!$D$15*LN(F15/F14))))
... A323: 2026-09 | O323: =IF(N323="","",Parametres!$C$3/N323) | R323: =IF(OR(I323="",J323="",D323="",L323="",F323=""),"",IF(R322="",100,R322*EXP(Parametres!$D$11*LN(I323/I322)+Parametres!$D$12*LN(J323/J322)+Parametres!$D$13*LN(D323/D322)+Parametres!$D$14*LN(L323/L322)+Parametres!$D$15*LN(F323/F322))))

Sheet BEN
A2: Date | B2: cpi_all | C2: cpi_food | D2: fao_food | E2: oil_usd | F2: usd_xof | G2: fao_cereals | H2: fao_oils | I2: fao_sugar | J2: fao_dairy | K2: fao_meat | L2: rice_thai | M2: wheat_hrw | N2: palm_oil | O2: sugar_world | P2: maize | Q2: eur_usd | R2: gscpi | S2: bceao_import_food | T2: import_food_idx | U2: cpi_all_alt | V2: cpi_food_alt | W2: rain_anom | X2: quality_flag | Y2: note
A3: 2000-01 | D3: =IF(Monde!B3="","",Monde!B3) | E3: =IF(Monde!H3="","",Monde!H3) | F3: =IF(Monde!O3="","",Monde!O3) | G3: =IF(Monde!C3="","",Monde!C3) | H3: =IF(Monde!D3="","",Monde!D3) | I3: =IF(Monde!E3="","",Monde!E3) | J3: =IF(Monde!F3="","",Monde!F3) | K3: =IF(Monde!G3="","",Monde!G3) | L3: =IF(Monde!I3="","",Monde!I3) | M3: =IF(Monde!J3="","",Monde!J3) | N3: =IF(Monde!K3="","",Monde!K3) | O3: =IF(Monde!L3="","",Monde!L3) | P3: =IF(Monde!M3="","",Monde!M3) | Q3: =IF(Monde!N3="","",Monde!N3) | R3: =IF(Monde!P3="","",Monde!P3) | S3: =IF(Monde!Q3="","",Monde!Q3) | T3: =IF(Monde!R3="","",Monde!R3)
A4: 2000-02 | D4: =IF(Monde!B4="","",Monde!B4) | E4: =IF(Monde!H4="","",Monde!H4) | F4: =IF(Monde!O4="","",Monde!O4) | G4: =IF(Monde!C4="","",Monde!C4) | H4: =IF(Monde!D4="","",Monde!D4) | I4: =IF(Monde!E4="","",Monde!E4) | J4: =IF(Monde!F4="","",Monde!F4) | K4: =IF(Monde!G4="","",Monde!G4) | L4: =IF(Monde!I4="","",Monde!I4) | M4: =IF(Monde!J4="","",Monde!J4) | N4: =IF(Monde!K4="","",Monde!K4) | O4: =IF(Monde!L4="","",Monde!L4) | P4: =IF(Monde!M4="","",Monde!M4) | Q4: =IF(Monde!N4="","",Monde!N4) | R4: =IF(Monde!P4="","",Monde!P4) | S4: =IF(Monde!Q4="","",Monde!Q4) | T4: =IF(Monde!R4="","",Monde!R4)
A5: 2000-03 | D5: =IF(Monde!B5="","",Monde!B5) | E5: =IF(Monde!H5="","",Monde!H5) | F5: =IF(Monde!O5="","",Monde!O5) | G5: =IF(Monde!C5="","",Monde!C5) | H5: =IF(Monde!D5="","",Monde!D5) | I5: =IF(Monde!E5="","",Monde!E5) | J5: =IF(Monde!F5="","",Monde!F5) | K5: =IF(Monde!G5="","",Monde!G5) | L5: =IF(Monde!I5="","",Monde!I5) | M5: =IF(Monde!J5="","",Monde!J5) | N5: =IF(Monde!K5="","",Monde!K5) | O5: =IF(Monde!L5="","",Monde!L5) | P5: =IF(Monde!M5="","",Monde!M5) | Q5: =IF(Monde!N5="","",Monde!N5) | R5: =IF(Monde!P5="","",Monde!P5) | S5: =IF(Monde!Q5="","",Monde!Q5) | T5: =IF(Monde!R5="","",Monde!R5)
A6: 2000-04 | D6: =IF(Monde!B6="","",Monde!B6) | E6: =IF(Monde!H6="","",Monde!H6) | F6: =IF(Monde!O6="","",Monde!O6) | G6: =IF(Monde!C6="","",Monde!C6) | H6: =IF(Monde!D6="","",Monde!D6) | I6: =IF(Monde!E6="","",Monde!E6) | J6: =IF(Monde!F6="","",Monde!F6) | K6: =IF(Monde!G6="","",Monde!G6) | L6: =IF(Monde!I6="","",Monde!I6) | M6: =IF(Monde!J6="","",Monde!J6) | N6: =IF(Monde!K6="","",Monde!K6) | O6: =IF(Monde!L6="","",Monde!L6) | P6: =IF(Monde!M6="","",Monde!M6) | Q6: =IF(Monde!N6="","",Monde!N6) | R6: =IF(Monde!P6="","",Monde!P6) | S6: =IF(Monde!Q6="","",Monde!Q6) | T6: =IF(Monde!R6="","",Monde!R6)
A7: 2000-05 | D7: =IF(Monde!B7="","",Monde!B7) | E7: =IF(Monde!H7="","",Monde!H7) | F7: =IF(Monde!O7="","",Monde!O7) | G7: =IF(Monde!C7="","",Monde!C7) | H7: =IF(Monde!D7="","",Monde!D7) | I7: =IF(Monde!E7="","",Monde!E7) | J7: =IF(Monde!F7="","",Monde!F7) | K7: =IF(Monde!G7="","",Monde!G7) | L7: =IF(Monde!I7="","",Monde!I7) | M7: =IF(Monde!J7="","",Monde!J7) | N7: =IF(Monde!K7="","",Monde!K7) | O7: =IF(Monde!L7="","",Monde!L7) | P7: =IF(Monde!M7="","",Monde!M7) | Q7: =IF(Monde!N7="","",Monde!N7) | R7: =IF(Monde!P7="","",Monde!P7) | S7: =IF(Monde!Q7="","",Monde!Q7) | T7: =IF(Monde!R7="","",Monde!R7)
A8: 2000-06 | D8: =IF(Monde!B8="","",Monde!B8) | E8: =IF(Monde!H8="","",Monde!H8) | F8: =IF(Monde!O8="","",Monde!O8) | G8: =IF(Monde!C8="","",Monde!C8) | H8: =IF(Monde!D8="","",Monde!D8) | I8: =IF(Monde!E8="","",Monde!E8) | J8: =IF(Monde!F8="","",Monde!F8) | K8: =IF(Monde!G8="","",Monde!G8) | L8: =IF(Monde!I8="","",Monde!I8) | M8: =IF(Monde!J8="","",Monde!J8) | N8: =IF(Monde!K8="","",Monde!K8) | O8: =IF(Monde!L8="","",Monde!L8) | P8: =IF(Monde!M8="","",Monde!M8) | Q8: =IF(Monde!N8="","",Monde!N8) | R8: =IF(Monde!P8="","",Monde!P8) | S8: =IF(Monde!Q8="","",Monde!Q8) | T8: =IF(Monde!R8="","",Monde!R8)
A9: 2000-07 | D9: =IF(Monde!B9="","",Monde!B9) | E9: =IF(Monde!H9="","",Monde!H9) | F9: =IF(Monde!O9="","",Monde!O9) | G9: =IF(Monde!C9="","",Monde!C9) | H9: =IF(Monde!D9="","",Monde!D9) | I9: =IF(Monde!E9="","",Monde!E9) | J9: =IF(Monde!F9="","",Monde!F9) | K9: =IF(Monde!G9="","",Monde!G9) | L9: =IF(Monde!I9="","",Monde!I9) | M9: =IF(Monde!J9="","",Monde!J9) | N9: =IF(Monde!K9="","",Monde!K9) | O9: =IF(Monde!L9="","",Monde!L9) | P9: =IF(Monde!M9="","",Monde!M9) | Q9: =IF(Monde!N9="","",Monde!N9) | R9: =IF(Monde!P9="","",Monde!P9) | S9: =IF(Monde!Q9="","",Monde!Q9) | T9: =IF(Monde!R9="","",Monde!R9)
A10: 2000-08 | D10: =IF(Monde!B10="","",Monde!B10) | E10: =IF(Monde!H10="","",Monde!H10) | F10: =IF(Monde!O10="","",Monde!O10) | G10: =IF(Monde!C10="","",Monde!C10) | H10: =IF(Monde!D10="","",Monde!D10) | I10: =IF(Monde!E10="","",Monde!E10) | J10: =IF(Monde!F10="","",Monde!F10) | K10: =IF(Monde!G10="","",Monde!G10) | L10: =IF(Monde!I10="","",Monde!I10) | M10: =IF(Monde!J10="","",Monde!J10) | N10: =IF(Monde!K10="","",Monde!K10) | O10: =IF(Monde!L10="","",Monde!L10) | P10: =IF(Monde!M10="","",Monde!M10) | Q10: =IF(Monde!N10="","",Monde!N10) | R10: =IF(Monde!P10="","",Monde!P10) | S10: =IF(Monde!Q10="","",Monde!Q10) | T10: =IF(Monde!R10="","",Monde!R10)
A11: 2000-09 | D11: =IF(Monde!B11="","",Monde!B11) | E11: =IF(Monde!H11="","",Monde!H11) | F11: =IF(Monde!O11="","",Monde!O11) | G11: =IF(Monde!C11="","",Monde!C11) | H11: =IF(Monde!D11="","",Monde!D11) | I11: =IF(Monde!E11="","",Monde!E11) | J11: =IF(Monde!F11="","",Monde!F11) | K11: =IF(Monde!G11="","",Monde!G11) | L11: =IF(Monde!I11="","",Monde!I11) | M11: =IF(Monde!J11="","",Monde!J11) | N11: =IF(Monde!K11="","",Monde!K11) | O11: =IF(Monde!L11="","",Monde!L11) | P11: =IF(Monde!M11="","",Monde!M11) | Q11: =IF(Monde!N11="","",Monde!N11) | R11: =IF(Monde!P11="","",Monde!P11) | S11: =IF(Monde!Q11="","",Monde!Q11) | T11: =IF(Monde!R11="","",Monde!R11)
A12: 2000-10 | D12: =IF(Monde!B12="","",Monde!B12) | E12: =IF(Monde!H12="","",Monde!H12) | F12: =IF(Monde!O12="","",Monde!O12) | G12: =IF(Monde!C12="","",Monde!C12) | H12: =IF(Monde!D12="","",Monde!D12) | I12: =IF(Monde!E12="","",Monde!E12) | J12: =IF(Monde!F12="","",Monde!F12) | K12: =IF(Monde!G12="","",Monde!G12) | L12: =IF(Monde!I12="","",Monde!I12) | M12: =IF(Monde!J12="","",Monde!J12) | N12: =IF(Monde!K12="","",Monde!K12) | O12: =IF(Monde!L12="","",Monde!L12) | P12: =IF(Monde!M12="","",Monde!M12) | Q12: =IF(Monde!N12="","",Monde!N12) | R12: =IF(Monde!P12="","",Monde!P12) | S12: =IF(Monde!Q12="","",Monde!Q12) | T12: =IF(Monde!R12="","",Monde!R12)
A13: 2000-11 | D13: =IF(Monde!B13="","",Monde!B13) | E13: =IF(Monde!H13="","",Monde!H13) | F13: =IF(Monde!O13="","",Monde!O13) | G13: =IF(Monde!C13="","",Monde!C13) | H13: =IF(Monde!D13="","",Monde!D13) | I13: =IF(Monde!E13="","",Monde!E13) | J13: =IF(Monde!F13="","",Monde!F13) | K13: =IF(Monde!G13="","",Monde!G13) | L13: =IF(Monde!I13="","",Monde!I13) | M13: =IF(Monde!J13="","",Monde!J13) | N13: =IF(Monde!K13="","",Monde!K13) | O13: =IF(Monde!L13="","",Monde!L13) | P13: =IF(Monde!M13="","",Monde!M13) | Q13: =IF(Monde!N13="","",Monde!N13) | R13: =IF(Monde!P13="","",Monde!P13) | S13: =IF(Monde!Q13="","",Monde!Q13) | T13: =IF(Monde!R13="","",Monde!R13)
A14: 2000-12 | D14: =IF(Monde!B14="","",Monde!B14) | E14: =IF(Monde!H14="","",Monde!H14) | F14: =IF(Monde!O14="","",Monde!O14) | G14: =IF(Monde!C14="","",Monde!C14) | H14: =IF(Monde!D14="","",Monde!D14) | I14: =IF(Monde!E14="","",Monde!E14) | J14: =IF(Monde!F14="","",Monde!F14) | K14: =IF(Monde!G14="","",Monde!G14) | L14: =IF(Monde!I14="","",Monde!I14) | M14: =IF(Monde!J14="","",Monde!J14) | N14: =IF(Monde!K14="","",Monde!K14) | O14: =IF(Monde!L14="","",Monde!L14) | P14: =IF(Monde!M14="","",Monde!M14) | Q14: =IF(Monde!N14="","",Monde!N14) | R14: =IF(Monde!P14="","",Monde!P14) | S14: =IF(Monde!Q14="","",Monde!Q14) | T14: =IF(Monde!R14="","",Monde!R14)
... A323: 2026-09 | D323: =IF(Monde!B323="","",Monde!B323) | E323: =IF(Monde!H323="","",Monde!H323) | F323: =IF(Monde!O323="","",Monde!O323) | G323: =IF(Monde!C323="","",Monde!C323) | H323: =IF(Monde!D323="","",Monde!D323) | I323: =IF(Monde!E323="","",Monde!E323) | J323: =IF(Monde!F323="","",Monde!F323) | K323: =IF(Monde!G323="","",Monde!G323) | L323: =IF(Monde!I323="","",Monde!I323) | M323: =IF(Monde!J323="","",Monde!J323) | N323: =IF(Monde!K323="","",Monde!K323) | O323: =IF(Monde!L323="","",Monde!L323) | P323: =IF(Monde!M323="","",Monde!M323) | Q323: =IF(Monde!N323="","",Monde!N323) | R323: =IF(Monde!P323="","",Monde!P323) | S323: =IF(Monde!Q323="","",Monde!Q323) | T323: =IF(Monde!R323="","",Monde!R323)

Sheet BFA
A2: Date | B2: cpi_all | C2: cpi_food | D2: fao_food | E2: oil_usd | F2: usd_xof | G2: fao_cereals | H2: fao_oils | I2: fao_sugar | J2: fao_dairy | K2: fao_meat | L2: rice_thai | M2: wheat_hrw | N2: palm_oil | O2: sugar_world | P2: maize | Q2: eur_usd | R2: gscpi | S2: bceao_import_food | T2: import_food_idx | U2: cpi_all_alt | V2: cpi_food_alt | W2: rain_anom | X2: quality_flag | Y2: note
A3: 2000-01 | D3: =IF(Monde!B3="","",Monde!B3) | E3: =IF(Monde!H3="","",Monde!H3) | F3: =IF(Monde!O3="","",Monde!O3) | G3: =IF(Monde!C3="","",Monde!C3) | H3: =IF(Monde!D3="","",Monde!D3) | I3: =IF(Monde!E3="","",Monde!E3) | J3: =IF(Monde!F3="","",Monde!F3) | K3: =IF(Monde!G3="","",Monde!G3) | L3: =IF(Monde!I3="","",Monde!I3) | M3: =IF(Monde!J3="","",Monde!J3) | N3: =IF(Monde!K3="","",Monde!K3) | O3: =IF(Monde!L3="","",Monde!L3) | P3: =IF(Monde!M3="","",Monde!M3) | Q3: =IF(Monde!N3="","",Monde!N3) | R3: =IF(Monde!P3="","",Monde!P3) | S3: =IF(Monde!Q3="","",Monde!Q3) | T3: =IF(Monde!R3="","",Monde!R3)
A4: 2000-02 | D4: =IF(Monde!B4="","",Monde!B4) | E4: =IF(Monde!H4="","",Monde!H4) | F4: =IF(Monde!O4="","",Monde!O4) | G4: =IF(Monde!C4="","",Monde!C4) | H4: =IF(Monde!D4="","",Monde!D4) | I4: =IF(Monde!E4="","",Monde!E4) | J4: =IF(Monde!F4="","",Monde!F4) | K4: =IF(Monde!G4="","",Monde!G4) | L4: =IF(Monde!I4="","",Monde!I4) | M4: =IF(Monde!J4="","",Monde!J4) | N4: =IF(Monde!K4="","",Monde!K4) | O4: =IF(Monde!L4="","",Monde!L4) | P4: =IF(Monde!M4="","",Monde!M4) | Q4: =IF(Monde!N4="","",Monde!N4) | R4: =IF(Monde!P4="","",Monde!P4) | S4: =IF(Monde!Q4="","",Monde!Q4) | T4: =IF(Monde!R4="","",Monde!R4)
A5: 2000-03 | D5: =IF(Monde!B5="","",Monde!B5) | E5: =IF(Monde!H5="","",Monde!H5) | F5: =IF(Monde!O5="","",Monde!O5) | G5: =IF(Monde!C5="","",Monde!C5) | H5: =IF(Monde!D5="","",Monde!D5) | I5: =IF(Monde!E5="","",Monde!E5) | J5: =IF(Monde!F5="","",Monde!F5) | K5: =IF(Monde!G5="","",Monde!G5) | L5: =IF(Monde!I5="","",Monde!I5) | M5: =IF(Monde!J5="","",Monde!J5) | N5: =IF(Monde!K5="","",Monde!K5) | O5: =IF(Monde!L5="","",Monde!L5) | P5: =IF(Monde!M5="","",Monde!M5) | Q5: =IF(Monde!N5="","",Monde!N5) | R5: =IF(Monde!P5="","",Monde!P5) | S5: =IF(Monde!Q5="","",Monde!Q5) | T5: =IF(Monde!R5="","",Monde!R5)
A6: 2000-04 | D6: =IF(Monde!B6="","",Monde!B6) | E6: =IF(Monde!H6="","",Monde!H6) | F6: =IF(Monde!O6="","",Monde!O6) | G6: =IF(Monde!C6="","",Monde!C6) | H6: =IF(Monde!D6="","",Monde!D6) | I6: =IF(Monde!E6="","",Monde!E6) | J6: =IF(Monde!F6="","",Monde!F6) | K6: =IF(Monde!G6="","",Monde!G6) | L6: =IF(Monde!I6="","",Monde!I6) | M6: =IF(Monde!J6="","",Monde!J6) | N6: =IF(Monde!K6="","",Monde!K6) | O6: =IF(Monde!L6="","",Monde!L6) | P6: =IF(Monde!M6="","",Monde!M6) | Q6: =IF(Monde!N6="","",Monde!N6) | R6: =IF(Monde!P6="","",Monde!P6) | S6: =IF(Monde!Q6="","",Monde!Q6) | T6: =IF(Monde!R6="","",Monde!R6)
A7: 2000-05 | D7: =IF(Monde!B7="","",Monde!B7) | E7: =IF(Monde!H7="","",Monde!H7) | F7: =IF(Monde!O7="","",Monde!O7) | G7: =IF(Monde!C7="","",Monde!C7) | H7: =IF(Monde!D7="","",Monde!D7) | I7: =IF(Monde!E7="","",Monde!E7) | J7: =IF(Monde!F7="","",Monde!F7) | K7: =IF(Monde!G7="","",Monde!G7) | L7: =IF(Monde!I7="","",Monde!I7) | M7: =IF(Monde!J7="","",Monde!J7) | N7: =IF(Monde!K7="","",Monde!K7) | O7: =IF(Monde!L7="","",Monde!L7) | P7: =IF(Monde!M7="","",Monde!M7) | Q7: =IF(Monde!N7="","",Monde!N7) | R7: =IF(Monde!P7="","",Monde!P7) | S7: =IF(Monde!Q7="","",Monde!Q7) | T7: =IF(Monde!R7="","",Monde!R7)
A8: 2000-06 | D8: =IF(Monde!B8="","",Monde!B8) | E8: =IF(Monde!H8="","",Monde!H8) | F8: =IF(Monde!O8="","",Monde!O8) | G8: =IF(Monde!C8="","",Monde!C8) | H8: =IF(Monde!D8="","",Monde!D8) | I8: =IF(Monde!E8="","",Monde!E8) | J8: =IF(Monde!F8="","",Monde!F8) | K8: =IF(Monde!G8="","",Monde!G8) | L8: =IF(Monde!I8="","",Monde!I8) | M8: =IF(Monde!J8="","",Monde!J8) | N8: =IF(Monde!K8="","",Monde!K8) | O8: =IF(Monde!L8="","",Monde!L8) | P8: =IF(Monde!M8="","",Monde!M8) | Q8: =IF(Monde!N8="","",Monde!N8) | R8: =IF(Monde!P8="","",Monde!P8) | S8: =IF(Monde!Q8="","",Monde!Q8) | T8: =IF(Monde!R8="","",Monde!R8)
A9: 2000-07 | D9: =IF(Monde!B9="","",Monde!B9) | E9: =IF(Monde!H9="","",Monde!H9) | F9: =IF(Monde!O9="","",Monde!O9) | G9: =IF(Monde!C9="","",Monde!C9) | H9: =IF(Monde!D9="","",Monde!D9) | I9: =IF(Monde!E9="","",Monde!E9) | J9: =IF(Monde!F9="","",Monde!F9) | K9: =IF(Monde!G9="","",Monde!G9) | L9: =IF(Monde!I9="","",Monde!I9) | M9: =IF(Monde!J9="","",Monde!J9) | N9: =IF(Monde!K9="","",Monde!K9) | O9: =IF(Monde!L9="","",Monde!L9) | P9: =IF(Monde!M9="","",Monde!M9) | Q9: =IF(Monde!N9="","",Monde!N9) | R9: =IF(Monde!P9="","",Monde!P9) | S9: =IF(Monde!Q9="","",Monde!Q9) | T9: =IF(Monde!R9="","",Monde!R9)
A10: 2000-08 | D10: =IF(Monde!B10="","",Monde!B10) | E10: =IF(Monde!H10="","",Monde!H10) | F10: =IF(Monde!O10="","",Monde!O10) | G10: =IF(Monde!C10="","",Monde!C10) | H10: =IF(Monde!D10="","",Monde!D10) | I10: =IF(Monde!E10="","",Monde!E10) | J10: =IF(Monde!F10="","",Monde!F10) | K10: =IF(Monde!G10="","",Monde!G10) | L10: =IF(Monde!I10="","",Monde!I10) | M10: =IF(Monde!J10="","",Monde!J10) | N10: =IF(Monde!K10="","",Monde!K10) | O10: =IF(Monde!L10="","",Monde!L10) | P10: =IF(Monde!M10="","",Monde!M10) | Q10: =IF(Monde!N10="","",Monde!N10) | R10: =IF(Monde!P10="","",Monde!P10) | S10: =IF(Monde!Q10="","",Monde!Q10) | T10: =IF(Monde!R10="","",Monde!R10)
A11: 2000-09 | D11: =IF(Monde!B11="","",Monde!B11) | E11: =IF(Monde!H11="","",Monde!H11) | F11: =IF(Monde!O11="","",Monde!O11) | G11: =IF(Monde!C11="","",Monde!C11) | H11: =IF(Monde!D11="","",Monde!D11) | I11: =IF(Monde!E11="","",Monde!E11) | J11: =IF(Monde!F11="","",Monde!F11) | K11: =IF(Monde!G11="","",Monde!G11) | L11: =IF(Monde!I11="","",Monde!I11) | M11: =IF(Monde!J11="","",Monde!J11) | N11: =IF(Monde!K11="","",Monde!K11) | O11: =IF(Monde!L11="","",Monde!L11) | P11: =IF(Monde!M11="","",Monde!M11) | Q11: =IF(Monde!N11="","",Monde!N11) | R11: =IF(Monde!P11="","",Monde!P11) | S11: =IF(Monde!Q11="","",Monde!Q11) | T11: =IF(Monde!R11="","",Monde!R11)
A12: 2000-10 | D12: =IF(Monde!B12="","",Monde!B12) | E12: =IF(Monde!H12="","",Monde!H12) | F12: =IF(Monde!O12="","",Monde!O12) | G12: =IF(Monde!C12="","",Monde!C12) | H12: =IF(Monde!D12="","",Monde!D12) | I12: =IF(Monde!E12="","",Monde!E12) | J12: =IF(Monde!F12="","",Monde!F12) | K12: =IF(Monde!G12="","",Monde!G12) | L12: =IF(Monde!I12="","",Monde!I12) | M12: =IF(Monde!J12="","",Monde!J12) | N12: =IF(Monde!K12="","",Monde!K12) | O12: =IF(Monde!L12="","",Monde!L12) | P12: =IF(Monde!M12="","",Monde!M12) | Q12: =IF(Monde!N12="","",Monde!N12) | R12: =IF(Monde!P12="","",Monde!P12) | S12: =IF(Monde!Q12="","",Monde!Q12) | T12: =IF(Monde!R12="","",Monde!R12)
A13: 2000-11 | D13: =IF(Monde!B13="","",Monde!B13) | E13: =IF(Monde!H13="","",Monde!H13) | F13: =IF(Monde!O13="","",Monde!O13) | G13: =IF(Monde!C13="","",Monde!C13) | H13: =IF(Monde!D13="","",Monde!D13) | I13: =IF(Monde!E13="","",Monde!E13) | J13: =IF(Monde!F13="","",Monde!F13) | K13: =IF(Monde!G13="","",Monde!G13) | L13: =IF(Monde!I13="","",Monde!I13) | M13: =IF(Monde!J13="","",Monde!J13) | N13: =IF(Monde!K13="","",Monde!K13) | O13: =IF(Monde!L13="","",Monde!L13) | P13: =IF(Monde!M13="","",Monde!M13) | Q13: =IF(Monde!N13="","",Monde!N13) | R13: =IF(Monde!P13="","",Monde!P13) | S13: =IF(Monde!Q13="","",Monde!Q13) | T13: =IF(Monde!R13="","",Monde!R13)
A14: 2000-12 | D14: =IF(Monde!B14="","",Monde!B14) | E14: =IF(Monde!H14="","",Monde!H14) | F14: =IF(Monde!O14="","",Monde!O14) | G14: =IF(Monde!C14="","",Monde!C14) | H14: =IF(Monde!D14="","",Monde!D14) | I14: =IF(Monde!E14="","",Monde!E14) | J14: =IF(Monde!F14="","",Monde!F14) | K14: =IF(Monde!G14="","",Monde!G14) | L14: =IF(Monde!I14="","",Monde!I14) | M14: =IF(Monde!J14="","",Monde!J14) | N14: =IF(Monde!K14="","",Monde!K14) | O14: =IF(Monde!L14="","",Monde!L14) | P14: =IF(Monde!M14="","",Monde!M14) | Q14: =IF(Monde!N14="","",Monde!N14) | R14: =IF(Monde!P14="","",Monde!P14) | S14: =IF(Monde!Q14="","",Monde!Q14) | T14: =IF(Monde!R14="","",Monde!R14)
... A323: 2026-09 | D323: =IF(Monde!B323="","",Monde!B323) | E323: =IF(Monde!H323="","",Monde!H323) | F323: =IF(Monde!O323="","",Monde!O323) | G323: =IF(Monde!C323="","",Monde!C323) | H323: =IF(Monde!D323="","",Monde!D323) | I323: =IF(Monde!E323="","",Monde!E323) | J323: =IF(Monde!F323="","",Monde!F323) | K323: =IF(Monde!G323="","",Monde!G323) | L323: =IF(Monde!I323="","",Monde!I323) | M323: =IF(Monde!J323="","",Monde!J323) | N323: =IF(Monde!K323="","",Monde!K323) | O323: =IF(Monde!L323="","",Monde!L323) | P323: =IF(Monde!M323="","",Monde!M323) | Q323: =IF(Monde!N323="","",Monde!N323) | R323: =IF(Monde!P323="","",Monde!P323) | S323: =IF(Monde!Q323="","",Monde!Q323) | T323: =IF(Monde!R323="","",Monde!R323)

Sheet CIV
A2: Date | B2: cpi_all | C2: cpi_food | D2: fao_food | E2: oil_usd | F2: usd_xof | G2: fao_cereals | H2: fao_oils | I2: fao_sugar | J2: fao_dairy | K2: fao_meat | L2: rice_thai | M2: wheat_hrw | N2: palm_oil | O2: sugar_world | P2: maize | Q2: eur_usd | R2: gscpi | S2: bceao_import_food | T2: import_food_idx | U2: cpi_all_alt | V2: cpi_food_alt | W2: rain_anom | X2: quality_flag | Y2: note
A3: 2000-01 | D3: =IF(Monde!B3="","",Monde!B3) | E3: =IF(Monde!H3="","",Monde!H3) | F3: =IF(Monde!O3="","",Monde!O3) | G3: =IF(Monde!C3="","",Monde!C3) | H3: =IF(Monde!D3="","",Monde!D3) | I3: =IF(Monde!E3="","",Monde!E3) | J3: =IF(Monde!F3="","",Monde!F3) | K3: =IF(Monde!G3="","",Monde!G3) | L3: =IF(Monde!I3="","",Monde!I3) | M3: =IF(Monde!J3="","",Monde!J3) | N3: =IF(Monde!K3="","",Monde!K3) | O3: =IF(Monde!L3="","",Monde!L3) | P3: =IF(Monde!M3="","",Monde!M3) | Q3: =IF(Monde!N3="","",Monde!N3) | R3: =IF(Monde!P3="","",Monde!P3) | S3: =IF(Monde!Q3="","",Monde!Q3) | T3: =IF(Monde!R3="","",Monde!R3)
A4: 2000-02 | D4: =IF(Monde!B4="","",Monde!B4) | E4: =IF(Monde!H4="","",Monde!H4) | F4: =IF(Monde!O4="","",Monde!O4) | G4: =IF(Monde!C4="","",Monde!C4) | H4: =IF(Monde!D4="","",Monde!D4) | I4: =IF(Monde!E4="","",Monde!E4) | J4: =IF(Monde!F4="","",Monde!F4) | K4: =IF(Monde!G4="","",Monde!G4) | L4: =IF(Monde!I4="","",Monde!I4) | M4: =IF(Monde!J4="","",Monde!J4) | N4: =IF(Monde!K4="","",Monde!K4) | O4: =IF(Monde!L4="","",Monde!L4) | P4: =IF(Monde!M4="","",Monde!M4) | Q4: =IF(Monde!N4="","",Monde!N4) | R4: =IF(Monde!P4="","",Monde!P4) | S4: =IF(Monde!Q4="","",Monde!Q4) | T4: =IF(Monde!R4="","",Monde!R4)
A5: 2000-03 | D5: =IF(Monde!B5="","",Monde!B5) | E5: =IF(Monde!H5="","",Monde!H5) | F5: =IF(Monde!O5="","",Monde!O5) | G5: =IF(Monde!C5="","",Monde!C5) | H5: =IF(Monde!D5="","",Monde!D5) | I5: =IF(Monde!E5="","",Monde!E5) | J5: =IF(Monde!F5="","",Monde!F5) | K5: =IF(Monde!G5="","",Monde!G5) | L5: =IF(Monde!I5="","",Monde!I5) | M5: =IF(Monde!J5="","",Monde!J5) | N5: =IF(Monde!K5="","",Monde!K5) | O5: =IF(Monde!L5="","",Monde!L5) | P5: =IF(Monde!M5="","",Monde!M5) | Q5: =IF(Monde!N5="","",Monde!N5) | R5: =IF(Monde!P5="","",Monde!P5) | S5: =IF(Monde!Q5="","",Monde!Q5) | T5: =IF(Monde!R5="","",Monde!R5)
A6: 2000-04 | D6: =IF(Monde!B6="","",Monde!B6) | E6: =IF(Monde!H6="","",Monde!H6) | F6: =IF(Monde!O6="","",Monde!O6) | G6: =IF(Monde!C6="","",Monde!C6) | H6: =IF(Monde!D6="","",Monde!D6) | I6: =IF(Monde!E6="","",Monde!E6) | J6: =IF(Monde!F6="","",Monde!F6) | K6: =IF(Monde!G6="","",Monde!G6) | L6: =IF(Monde!I6="","",Monde!I6) | M6: =IF(Monde!J6="","",Monde!J6) | N6: =IF(Monde!K6="","",Monde!K6) | O6: =IF(Monde!L6="","",Monde!L6) | P6: =IF(Monde!M6="","",Monde!M6) | Q6: =IF(Monde!N6="","",Monde!N6) | R6: =IF(Monde!P6="","",Monde!P6) | S6: =IF(Monde!Q6="","",Monde!Q6) | T6: =IF(Monde!R6="","",Monde!R6)
A7: 2000-05 | D7: =IF(Monde!B7="","",Monde!B7) | E7: =IF(Monde!H7="","",Monde!H7) | F7: =IF(Monde!O7="","",Monde!O7) | G7: =IF(Monde!C7="","",Monde!C7) | H7: =IF(Monde!D7="","",Monde!D7) | I7: =IF(Monde!E7="","",Monde!E7) | J7: =IF(Monde!F7="","",Monde!F7) | K7: =IF(Monde!G7="","",Monde!G7) | L7: =IF(Monde!I7="","",Monde!I7) | M7: =IF(Monde!J7="","",Monde!J7) | N7: =IF(Monde!K7="","",Monde!K7) | O7: =IF(Monde!L7="","",Monde!L7) | P7: =IF(Monde!M7="","",Monde!M7) | Q7: =IF(Monde!N7="","",Monde!N7) | R7: =IF(Monde!P7="","",Monde!P7) | S7: =IF(Monde!Q7="","",Monde!Q7) | T7: =IF(Monde!R7="","",Monde!R7)
A8: 2000-06 | D8: =IF(Monde!B8="","",Monde!B8) | E8: =IF(Monde!H8="","",Monde!H8) | F8: =IF(Monde!O8="","",Monde!O8) | G8: =IF(Monde!C8="","",Monde!C8) | H8: =IF(Monde!D8="","",Monde!D8) | I8: =IF(Monde!E8="","",Monde!E8) | J8: =IF(Monde!F8="","",Monde!F8) | K8: =IF(Monde!G8="","",Monde!G8) | L8: =IF(Monde!I8="","",Monde!I8) | M8: =IF(Monde!J8="","",Monde!J8) | N8: =IF(Monde!K8="","",Monde!K8) | O8: =IF(Monde!L8="","",Monde!L8) | P8: =IF(Monde!M8="","",Monde!M8) | Q8: =IF(Monde!N8="","",Monde!N8) | R8: =IF(Monde!P8="","",Monde!P8) | S8: =IF(Monde!Q8="","",Monde!Q8) | T8: =IF(Monde!R8="","",Monde!R8)
A9: 2000-07 | D9: =IF(Monde!B9="","",Monde!B9) | E9: =IF(Monde!H9="","",Monde!H9) | F9: =IF(Monde!O9="","",Monde!O9) | G9: =IF(Monde!C9="","",Monde!C9) | H9: =IF(Monde!D9="","",Monde!D9) | I9: =IF(Monde!E9="","",Monde!E9) | J9: =IF(Monde!F9="","",Monde!F9) | K9: =IF(Monde!G9="","",Monde!G9) | L9: =IF(Monde!I9="","",Monde!I9) | M9: =IF(Monde!J9="","",Monde!J9) | N9: =IF(Monde!K9="","",Monde!K9) | O9: =IF(Monde!L9="","",Monde!L9) | P9: =IF(Monde!M9="","",Monde!M9) | Q9: =IF(Monde!N9="","",Monde!N9) | R9: =IF(Monde!P9="","",Monde!P9) | S9: =IF(Monde!Q9="","",Monde!Q9) | T9: =IF(Monde!R9="","",Monde!R9)
A10: 2000-08 | D10: =IF(Monde!B10="","",Monde!B10) | E10: =IF(Monde!H10="","",Monde!H10) | F10: =IF(Monde!O10="","",Monde!O10) | G10: =IF(Monde!C10="","",Monde!C10) | H10: =IF(Monde!D10="","",Monde!D10) | I10: =IF(Monde!E10="","",Monde!E10) | J10: =IF(Monde!F10="","",Monde!F10) | K10: =IF(Monde!G10="","",Monde!G10) | L10: =IF(Monde!I10="","",Monde!I10) | M10: =IF(Monde!J10="","",Monde!J10) | N10: =IF(Monde!K10="","",Monde!K10) | O10: =IF(Monde!L10="","",Monde!L10) | P10: =IF(Monde!M10="","",Monde!M10) | Q10: =IF(Monde!N10="","",Monde!N10) | R10: =IF(Monde!P10="","",Monde!P10) | S10: =IF(Monde!Q10="","",Monde!Q10) | T10: =IF(Monde!R10="","",Monde!R10)
A11: 2000-09 | D11: =IF(Monde!B11="","",Monde!B11) | E11: =IF(Monde!H11="","",Monde!H11) | F11: =IF(Monde!O11="","",Monde!O11) | G11: =IF(Monde!C11="","",Monde!C11) | H11: =IF(Monde!D11="","",Monde!D11) | I11: =IF(Monde!E11="","",Monde!E11) | J11: =IF(Monde!F11="","",Monde!F11) | K11: =IF(Monde!G11="","",Monde!G11) | L11: =IF(Monde!I11="","",Monde!I11) | M11: =IF(Monde!J11="","",Monde!J11) | N11: =IF(Monde!K11="","",Monde!K11) | O11: =IF(Monde!L11="","",Monde!L11) | P11: =IF(Monde!M11="","",Monde!M11) | Q11: =IF(Monde!N11="","",Monde!N11) | R11: =IF(Monde!P11="","",Monde!P11) | S11: =IF(Monde!Q11="","",Monde!Q11) | T11: =IF(Monde!R11="","",Monde!R11)
A12: 2000-10 | D12: =IF(Monde!B12="","",Monde!B12) | E12: =IF(Monde!H12="","",Monde!H12) | F12: =IF(Monde!O12="","",Monde!O12) | G12: =IF(Monde!C12="","",Monde!C12) | H12: =IF(Monde!D12="","",Monde!D12) | I12: =IF(Monde!E12="","",Monde!E12) | J12: =IF(Monde!F12="","",Monde!F12) | K12: =IF(Monde!G12="","",Monde!G12) | L12: =IF(Monde!I12="","",Monde!I12) | M12: =IF(Monde!J12="","",Monde!J12) | N12: =IF(Monde!K12="","",Monde!K12) | O12: =IF(Monde!L12="","",Monde!L12) | P12: =IF(Monde!M12="","",Monde!M12) | Q12: =IF(Monde!N12="","",Monde!N12) | R12: =IF(Monde!P12="","",Monde!P12) | S12: =IF(Monde!Q12="","",Monde!Q12) | T12: =IF(Monde!R12="","",Monde!R12)
A13: 2000-11 | D13: =IF(Monde!B13="","",Monde!B13) | E13: =IF(Monde!H13="","",Monde!H13) | F13: =IF(Monde!O13="","",Monde!O13) | G13: =IF(Monde!C13="","",Monde!C13) | H13: =IF(Monde!D13="","",Monde!D13) | I13: =IF(Monde!E13="","",Monde!E13) | J13: =IF(Monde!F13="","",Monde!F13) | K13: =IF(Monde!G13="","",Monde!G13) | L13: =IF(Monde!I13="","",Monde!I13) | M13: =IF(Monde!J13="","",Monde!J13) | N13: =IF(Monde!K13="","",Monde!K13) | O13: =IF(Monde!L13="","",Monde!L13) | P13: =IF(Monde!M13="","",Monde!M13) | Q13: =IF(Monde!N13="","",Monde!N13) | R13: =IF(Monde!P13="","",Monde!P13) | S13: =IF(Monde!Q13="","",Monde!Q13) | T13: =IF(Monde!R13="","",Monde!R13)
A14: 2000-12 | D14: =IF(Monde!B14="","",Monde!B14) | E14: =IF(Monde!H14="","",Monde!H14) | F14: =IF(Monde!O14="","",Monde!O14) | G14: =IF(Monde!C14="","",Monde!C14) | H14: =IF(Monde!D14="","",Monde!D14) | I14: =IF(Monde!E14="","",Monde!E14) | J14: =IF(Monde!F14="","",Monde!F14) | K14: =IF(Monde!G14="","",Monde!G14) | L14: =IF(Monde!I14="","",Monde!I14) | M14: =IF(Monde!J14="","",Monde!J14) | N14: =IF(Monde!K14="","",Monde!K14) | O14: =IF(Monde!L14="","",Monde!L14) | P14: =IF(Monde!M14="","",Monde!M14) | Q14: =IF(Monde!N14="","",Monde!N14) | R14: =IF(Monde!P14="","",Monde!P14) | S14: =IF(Monde!Q14="","",Monde!Q14) | T14: =IF(Monde!R14="","",Monde!R14)
... A323: 2026-09 | D323: =IF(Monde!B323="","",Monde!B323) | E323: =IF(Monde!H323="","",Monde!H323) | F323: =IF(Monde!O323="","",Monde!O323) | G323: =IF(Monde!C323="","",Monde!C323) | H323: =IF(Monde!D323="","",Monde!D323) | I323: =IF(Monde!E323="","",Monde!E323) | J323: =IF(Monde!F323="","",Monde!F323) | K323: =IF(Monde!G323="","",Monde!G323) | L323: =IF(Monde!I323="","",Monde!I323) | M323: =IF(Monde!J323="","",Monde!J323) | N323: =IF(Monde!K323="","",Monde!K323) | O323: =IF(Monde!L323="","",Monde!L323) | P323: =IF(Monde!M323="","",Monde!M323) | Q323: =IF(Monde!N323="","",Monde!N323) | R323: =IF(Monde!P323="","",Monde!P323) | S323: =IF(Monde!Q323="","",Monde!Q323) | T323: =IF(Monde!R323="","",Monde!R323)

Sheet GNB
A2: Date | B2: cpi_all | C2: cpi_food | D2: fao_food | E2: oil_usd | F2: usd_xof | G2: fao_cereals | H2: fao_oils | I2: fao_sugar | J2: fao_dairy | K2: fao_meat | L2: rice_thai | M2: wheat_hrw | N2: palm_oil | O2: sugar_world | P2: maize | Q2: eur_usd | R2: gscpi | S2: bceao_import_food | T2: import_food_idx | U2: cpi_all_alt | V2: cpi_food_alt | W2: rain_anom | X2: quality_flag | Y2: note
A3: 2000-01 | D3: =IF(Monde!B3="","",Monde!B3) | E3: =IF(Monde!H3="","",Monde!H3) | F3: =IF(Monde!O3="","",Monde!O3) | G3: =IF(Monde!C3="","",Monde!C3) | H3: =IF(Monde!D3="","",Monde!D3) | I3: =IF(Monde!E3="","",Monde!E3) | J3: =IF(Monde!F3="","",Monde!F3) | K3: =IF(Monde!G3="","",Monde!G3) | L3: =IF(Monde!I3="","",Monde!I3) | M3: =IF(Monde!J3="","",Monde!J3) | N3: =IF(Monde!K3="","",Monde!K3) | O3: =IF(Monde!L3="","",Monde!L3) | P3: =IF(Monde!M3="","",Monde!M3) | Q3: =IF(Monde!N3="","",Monde!N3) | R3: =IF(Monde!P3="","",Monde!P3) | S3: =IF(Monde!Q3="","",Monde!Q3) | T3: =IF(Monde!R3="","",Monde!R3)
A4: 2000-02 | D4: =IF(Monde!B4="","",Monde!B4) | E4: =IF(Monde!H4="","",Monde!H4) | F4: =IF(Monde!O4="","",Monde!O4) | G4: =IF(Monde!C4="","",Monde!C4) | H4: =IF(Monde!D4="","",Monde!D4) | I4: =IF(Monde!E4="","",Monde!E4) | J4: =IF(Monde!F4="","",Monde!F4) | K4: =IF(Monde!G4="","",Monde!G4) | L4: =IF(Monde!I4="","",Monde!I4) | M4: =IF(Monde!J4="","",Monde!J4) | N4: =IF(Monde!K4="","",Monde!K4) | O4: =IF(Monde!L4="","",Monde!L4) | P4: =IF(Monde!M4="","",Monde!M4) | Q4: =IF(Monde!N4="","",Monde!N4) | R4: =IF(Monde!P4="","",Monde!P4) | S4: =IF(Monde!Q4="","",Monde!Q4) | T4: =IF(Monde!R4="","",Monde!R4)
A5: 2000-03 | D5: =IF(Monde!B5="","",Monde!B5) | E5: =IF(Monde!H5="","",Monde!H5) | F5: =IF(Monde!O5="","",Monde!O5) | G5: =IF(Monde!C5="","",Monde!C5) | H5: =IF(Monde!D5="","",Monde!D5) | I5: =IF(Monde!E5="","",Monde!E5) | J5: =IF(Monde!F5="","",Monde!F5) | K5: =IF(Monde!G5="","",Monde!G5) | L5: =IF(Monde!I5="","",Monde!I5) | M5: =IF(Monde!J5="","",Monde!J5) | N5: =IF(Monde!K5="","",Monde!K5) | O5: =IF(Monde!L5="","",Monde!L5) | P5: =IF(Monde!M5="","",Monde!M5) | Q5: =IF(Monde!N5="","",Monde!N5) | R5: =IF(Monde!P5="","",Monde!P5) | S5: =IF(Monde!Q5="","",Monde!Q5) | T5: =IF(Monde!R5="","",Monde!R5)
A6: 2000-04 | D6: =IF(Monde!B6="","",Monde!B6) | E6: =IF(Monde!H6="","",Monde!H6) | F6: =IF(Monde!O6="","",Monde!O6) | G6: =IF(Monde!C6="","",Monde!C6) | H6: =IF(Monde!D6="","",Monde!D6) | I6: =IF(Monde!E6="","",Monde!E6) | J6: =IF(Monde!F6="","",Monde!F6) | K6: =IF(Monde!G6="","",Monde!G6) | L6: =IF(Monde!I6="","",Monde!I6) | M6: =IF(Monde!J6="","",Monde!J6) | N6: =IF(Monde!K6="","",Monde!K6) | O6: =IF(Monde!L6="","",Monde!L6) | P6: =IF(Monde!M6="","",Monde!M6) | Q6: =IF(Monde!N6="","",Monde!N6) | R6: =IF(Monde!P6="","",Monde!P6) | S6: =IF(Monde!Q6="","",Monde!Q6) | T6: =IF(Monde!R6="","",Monde!R6)
A7: 2000-05 | D7: =IF(Monde!B7="","",Monde!B7) | E7: =IF(Monde!H7="","",Monde!H7) | F7: =IF(Monde!O7="","",Monde!O7) | G7: =IF(Monde!C7="","",Monde!C7) | H7: =IF(Monde!D7="","",Monde!D7) | I7: =IF(Monde!E7="","",Monde!E7) | J7: =IF(Monde!F7="","",Monde!F7) | K7: =IF(Monde!G7="","",Monde!G7) | L7: =IF(Monde!I7="","",Monde!I7) | M7: =IF(Monde!J7="","",Monde!J7) | N7: =IF(Monde!K7="","",Monde!K7) | O7: =IF(Monde!L7="","",Monde!L7) | P7: =IF(Monde!M7="","",Monde!M7) | Q7: =IF(Monde!N7="","",Monde!N7) | R7: =IF(Monde!P7="","",Monde!P7) | S7: =IF(Monde!Q7="","",Monde!Q7) | T7: =IF(Monde!R7="","",Monde!R7)
A8: 2000-06 | D8: =IF(Monde!B8="","",Monde!B8) | E8: =IF(Monde!H8="","",Monde!H8) | F8: =IF(Monde!O8="","",Monde!O8) | G8: =IF(Monde!C8="","",Monde!C8) | H8: =IF(Monde!D8="","",Monde!D8) | I8: =IF(Monde!E8="","",Monde!E8) | J8: =IF(Monde!F8="","",Monde!F8) | K8: =IF(Monde!G8="","",Monde!G8) | L8: =IF(Monde!I8="","",Monde!I8) | M8: =IF(Monde!J8="","",Monde!J8) | N8: =IF(Monde!K8="","",Monde!K8) | O8: =IF(Monde!L8="","",Monde!L8) | P8: =IF(Monde!M8="","",Monde!M8) | Q8: =IF(Monde!N8="","",Monde!N8) | R8: =IF(Monde!P8="","",Monde!P8) | S8: =IF(Monde!Q8="","",Monde!Q8) | T8: =IF(Monde!R8="","",Monde!R8)
A9: 2000-07 | D9: =IF(Monde!B9="","",Monde!B9) | E9: =IF(Monde!H9="","",Monde!H9) | F9: =IF(Monde!O9="","",Monde!O9) | G9: =IF(Monde!C9="","",Monde!C9) | H9: =IF(Monde!D9="","",Monde!D9) | I9: =IF(Monde!E9="","",Monde!E9) | J9: =IF(Monde!F9="","",Monde!F9) | K9: =IF(Monde!G9="","",Monde!G9) | L9: =IF(Monde!I9="","",Monde!I9) | M9: =IF(Monde!J9="","",Monde!J9) | N9: =IF(Monde!K9="","",Monde!K9) | O9: =IF(Monde!L9="","",Monde!L9) | P9: =IF(Monde!M9="","",Monde!M9) | Q9: =IF(Monde!N9="","",Monde!N9) | R9: =IF(Monde!P9="","",Monde!P9) | S9: =IF(Monde!Q9="","",Monde!Q9) | T9: =IF(Monde!R9="","",Monde!R9)
A10: 2000-08 | D10: =IF(Monde!B10="","",Monde!B10) | E10: =IF(Monde!H10="","",Monde!H10) | F10: =IF(Monde!O10="","",Monde!O10) | G10: =IF(Monde!C10="","",Monde!C10) | H10: =IF(Monde!D10="","",Monde!D10) | I10: =IF(Monde!E10="","",Monde!E10) | J10: =IF(Monde!F10="","",Monde!F10) | K10: =IF(Monde!G10="","",Monde!G10) | L10: =IF(Monde!I10="","",Monde!I10) | M10: =IF(Monde!J10="","",Monde!J10) | N10: =IF(Monde!K10="","",Monde!K10) | O10: =IF(Monde!L10="","",Monde!L10) | P10: =IF(Monde!M10="","",Monde!M10) | Q10: =IF(Monde!N10="","",Monde!N10) | R10: =IF(Monde!P10="","",Monde!P10) | S10: =IF(Monde!Q10="","",Monde!Q10) | T10: =IF(Monde!R10="","",Monde!R10)
A11: 2000-09 | D11: =IF(Monde!B11="","",Monde!B11) | E11: =IF(Monde!H11="","",Monde!H11) | F11: =IF(Monde!O11="","",Monde!O11) | G11: =IF(Monde!C11="","",Monde!C11) | H11: =IF(Monde!D11="","",Monde!D11) | I11: =IF(Monde!E11="","",Monde!E11) | J11: =IF(Monde!F11="","",Monde!F11) | K11: =IF(Monde!G11="","",Monde!G11) | L11: =IF(Monde!I11="","",Monde!I11) | M11: =IF(Monde!J11="","",Monde!J11) | N11: =IF(Monde!K11="","",Monde!K11) | O11: =IF(Monde!L11="","",Monde!L11) | P11: =IF(Monde!M11="","",Monde!M11) | Q11: =IF(Monde!N11="","",Monde!N11) | R11: =IF(Monde!P11="","",Monde!P11) | S11: =IF(Monde!Q11="","",Monde!Q11) | T11: =IF(Monde!R11="","",Monde!R11)
A12: 2000-10 | D12: =IF(Monde!B12="","",Monde!B12) | E12: =IF(Monde!H12="","",Monde!H12) | F12: =IF(Monde!O12="","",Monde!O12) | G12: =IF(Monde!C12="","",Monde!C12) | H12: =IF(Monde!D12="","",Monde!D12) | I12: =IF(Monde!E12="","",Monde!E12) | J12: =IF(Monde!F12="","",Monde!F12) | K12: =IF(Monde!G12="","",Monde!G12) | L12: =IF(Monde!I12="","",Monde!I12) | M12: =IF(Monde!J12="","",Monde!J12) | N12: =IF(Monde!K12="","",Monde!K12) | O12: =IF(Monde!L12="","",Monde!L12) | P12: =IF(Monde!M12="","",Monde!M12) | Q12: =IF(Monde!N12="","",Monde!N12) | R12: =IF(Monde!P12="","",Monde!P12) | S12: =IF(Monde!Q12="","",Monde!Q12) | T12: =IF(Monde!R12="","",Monde!R12)
A13: 2000-11 | D13: =IF(Monde!B13="","",Monde!B13) | E13: =IF(Monde!H13="","",Monde!H13) | F13: =IF(Monde!O13="","",Monde!O13) | G13: =IF(Monde!C13="","",Monde!C13) | H13: =IF(Monde!D13="","",Monde!D13) | I13: =IF(Monde!E13="","",Monde!E13) | J13: =IF(Monde!F13="","",Monde!F13) | K13: =IF(Monde!G13="","",Monde!G13) | L13: =IF(Monde!I13="","",Monde!I13) | M13: =IF(Monde!J13="","",Monde!J13) | N13: =IF(Monde!K13="","",Monde!K13) | O13: =IF(Monde!L13="","",Monde!L13) | P13: =IF(Monde!M13="","",Monde!M13) | Q13: =IF(Monde!N13="","",Monde!N13) | R13: =IF(Monde!P13="","",Monde!P13) | S13: =IF(Monde!Q13="","",Monde!Q13) | T13: =IF(Monde!R13="","",Monde!R13)
A14: 2000-12 | D14: =IF(Monde!B14="","",Monde!B14) | E14: =IF(Monde!H14="","",Monde!H14) | F14: =IF(Monde!O14="","",Monde!O14) | G14: =IF(Monde!C14="","",Monde!C14) | H14: =IF(Monde!D14="","",Monde!D14) | I14: =IF(Monde!E14="","",Monde!E14) | J14: =IF(Monde!F14="","",Monde!F14) | K14: =IF(Monde!G14="","",Monde!G14) | L14: =IF(Monde!I14="","",Monde!I14) | M14: =IF(Monde!J14="","",Monde!J14) | N14: =IF(Monde!K14="","",Monde!K14) | O14: =IF(Monde!L14="","",Monde!L14) | P14: =IF(Monde!M14="","",Monde!M14) | Q14: =IF(Monde!N14="","",Monde!N14) | R14: =IF(Monde!P14="","",Monde!P14) | S14: =IF(Monde!Q14="","",Monde!Q14) | T14: =IF(Monde!R14="","",Monde!R14)
... A323: 2026-09 | D323: =IF(Monde!B323="","",Monde!B323) | E323: =IF(Monde!H323="","",Monde!H323) | F323: =IF(Monde!O323="","",Monde!O323) | G323: =IF(Monde!C323="","",Monde!C323) | H323: =IF(Monde!D323="","",Monde!D323) | I323: =IF(Monde!E323="","",Monde!E323) | J323: =IF(Monde!F323="","",Monde!F323) | K323: =IF(Monde!G323="","",Monde!G323) | L323: =IF(Monde!I323="","",Monde!I323) | M323: =IF(Monde!J323="","",Monde!J323) | N323: =IF(Monde!K323="","",Monde!K323) | O323: =IF(Monde!L323="","",Monde!L323) | P323: =IF(Monde!M323="","",Monde!M323) | Q323: =IF(Monde!N323="","",Monde!N323) | R323: =IF(Monde!P323="","",Monde!P323) | S323: =IF(Monde!Q323="","",Monde!Q323) | T323: =IF(Monde!R323="","",Monde!R323)

Sheet MLI
A2: Date | B2: cpi_all | C2: cpi_food | D2: fao_food | E2: oil_usd | F2: usd_xof | G2: fao_cereals | H2: fao_oils | I2: fao_sugar | J2: fao_dairy | K2: fao_meat | L2: rice_thai | M2: wheat_hrw | N2: palm_oil | O2: sugar_world | P2: maize | Q2: eur_usd | R2: gscpi | S2: bceao_import_food | T2: import_food_idx | U2: cpi_all_alt | V2: cpi_food_alt | W2: rain_anom | X2: quality_flag | Y2: note
A3: 2000-01 | D3: =IF(Monde!B3="","",Monde!B3) | E3: =IF(Monde!H3="","",Monde!H3) | F3: =IF(Monde!O3="","",Monde!O3) | G3: =IF(Monde!C3="","",Monde!C3) | H3: =IF(Monde!D3="","",Monde!D3) | I3: =IF(Monde!E3="","",Monde!E3) | J3: =IF(Monde!F3="","",Monde!F3) | K3: =IF(Monde!G3="","",Monde!G3) | L3: =IF(Monde!I3="","",Monde!I3) | M3: =IF(Monde!J3="","",Monde!J3) | N3: =IF(Monde!K3="","",Monde!K3) | O3: =IF(Monde!L3="","",Monde!L3) | P3: =IF(Monde!M3="","",Monde!M3) | Q3: =IF(Monde!N3="","",Monde!N3) | R3: =IF(Monde!P3="","",Monde!P3) | S3: =IF(Monde!Q3="","",Monde!Q3) | T3: =IF(Monde!R3="","",Monde!R3)
A4: 2000-02 | D4: =IF(Monde!B4="","",Monde!B4) | E4: =IF(Monde!H4="","",Monde!H4) | F4: =IF(Monde!O4="","",Monde!O4) | G4: =IF(Monde!C4="","",Monde!C4) | H4: =IF(Monde!D4="","",Monde!D4) | I4: =IF(Monde!E4="","",Monde!E4) | J4: =IF(Monde!F4="","",Monde!F4) | K4: =IF(Monde!G4="","",Monde!G4) | L4: =IF(Monde!I4="","",Monde!I4) | M4: =IF(Monde!J4="","",Monde!J4) | N4: =IF(Monde!K4="","",Monde!K4) | O4: =IF(Monde!L4="","",Monde!L4) | P4: =IF(Monde!M4="","",Monde!M4) | Q4: =IF(Monde!N4="","",Monde!N4) | R4: =IF(Monde!P4="","",Monde!P4) | S4: =IF(Monde!Q4="","",Monde!Q4) | T4: =IF(Monde!R4="","",Monde!R4)
A5: 2000-03 | D5: =IF(Monde!B5="","",Monde!B5) | E5: =IF(Monde!H5="","",Monde!H5) | F5: =IF(Monde!O5="","",Monde!O5) | G5: =IF(Monde!C5="","",Monde!C5) | H5: =IF(Monde!D5="","",Monde!D5) | I5: =IF(Monde!E5="","",Monde!E5) | J5: =IF(Monde!F5="","",Monde!F5) | K5: =IF(Monde!G5="","",Monde!G5) | L5: =IF(Monde!I5="","",Monde!I5) | M5: =IF(Monde!J5="","",Monde!J5) | N5: =IF(Monde!K5="","",Monde!K5) | O5: =IF(Monde!L5="","",Monde!L5) | P5: =IF(Monde!M5="","",Monde!M5) | Q5: =IF(Monde!N5="","",Monde!N5) | R5: =IF(Monde!P5="","",Monde!P5) | S5: =IF(Monde!Q5="","",Monde!Q5) | T5: =IF(Monde!R5="","",Monde!R5)
A6: 2000-04 | D6: =IF(Monde!B6="","",Monde!B6) | E6: =IF(Monde!H6="","",Monde!H6) | F6: =IF(Monde!O6="","",Monde!O6) | G6: =IF(Monde!C6="","",Monde!C6) | H6: =IF(Monde!D6="","",Monde!D6) | I6: =IF(Monde!E6="","",Monde!E6) | J6: =IF(Monde!F6="","",Monde!F6) | K6: =IF(Monde!G6="","",Monde!G6) | L6: =IF(Monde!I6="","",Monde!I6) | M6: =IF(Monde!J6="","",Monde!J6) | N6: =IF(Monde!K6="","",Monde!K6) | O6: =IF(Monde!L6="","",Monde!L6) | P6: =IF(Monde!M6="","",Monde!M6) | Q6: =IF(Monde!N6="","",Monde!N6) | R6: =IF(Monde!P6="","",Monde!P6) | S6: =IF(Monde!Q6="","",Monde!Q6) | T6: =IF(Monde!R6="","",Monde!R6)
A7: 2000-05 | D7: =IF(Monde!B7="","",Monde!B7) | E7: =IF(Monde!H7="","",Monde!H7) | F7: =IF(Monde!O7="","",Monde!O7) | G7: =IF(Monde!C7="","",Monde!C7) | H7: =IF(Monde!D7="","",Monde!D7) | I7: =IF(Monde!E7="","",Monde!E7) | J7: =IF(Monde!F7="","",Monde!F7) | K7: =IF(Monde!G7="","",Monde!G7) | L7: =IF(Monde!I7="","",Monde!I7) | M7: =IF(Monde!J7="","",Monde!J7) | N7: =IF(Monde!K7="","",Monde!K7) | O7: =IF(Monde!L7="","",Monde!L7) | P7: =IF(Monde!M7="","",Monde!M7) | Q7: =IF(Monde!N7="","",Monde!N7) | R7: =IF(Monde!P7="","",Monde!P7) | S7: =IF(Monde!Q7="","",Monde!Q7) | T7: =IF(Monde!R7="","",Monde!R7)
A8: 2000-06 | D8: =IF(Monde!B8="","",Monde!B8) | E8: =IF(Monde!H8="","",Monde!H8) | F8: =IF(Monde!O8="","",Monde!O8) | G8: =IF(Monde!C8="","",Monde!C8) | H8: =IF(Monde!D8="","",Monde!D8) | I8: =IF(Monde!E8="","",Monde!E8) | J8: =IF(Monde!F8="","",Monde!F8) | K8: =IF(Monde!G8="","",Monde!G8) | L8: =IF(Monde!I8="","",Monde!I8) | M8: =IF(Monde!J8="","",Monde!J8) | N8: =IF(Monde!K8="","",Monde!K8) | O8: =IF(Monde!L8="","",Monde!L8) | P8: =IF(Monde!M8="","",Monde!M8) | Q8: =IF(Monde!N8="","",Monde!N8) | R8: =IF(Monde!P8="","",Monde!P8) | S8: =IF(Monde!Q8="","",Monde!Q8) | T8: =IF(Monde!R8="","",Monde!R8)
A9: 2000-07 | D9: =IF(Monde!B9="","",Monde!B9) | E9: =IF(Monde!H9="","",Monde!H9) | F9: =IF(Monde!O9="","",Monde!O9) | G9: =IF(Monde!C9="","",Monde!C9) | H9: =IF(Monde!D9="","",Monde!D9) | I9: =IF(Monde!E9="","",Monde!E9) | J9: =IF(Monde!F9="","",Monde!F9) | K9: =IF(Monde!G9="","",Monde!G9) | L9: =IF(Monde!I9="","",Monde!I9) | M9: =IF(Monde!J9="","",Monde!J9) | N9: =IF(Monde!K9="","",Monde!K9) | O9: =IF(Monde!L9="","",Monde!L9) | P9: =IF(Monde!M9="","",Monde!M9) | Q9: =IF(Monde!N9="","",Monde!N9) | R9: =IF(Monde!P9="","",Monde!P9) | S9: =IF(Monde!Q9="","",Monde!Q9) | T9: =IF(Monde!R9="","",Monde!R9)
A10: 2000-08 | D10: =IF(Monde!B10="","",Monde!B10) | E10: =IF(Monde!H10="","",Monde!H10) | F10: =IF(Monde!O10="","",Monde!O10) | G10: =IF(Monde!C10="","",Monde!C10) | H10: =IF(Monde!D10="","",Monde!D10) | I10: =IF(Monde!E10="","",Monde!E10) | J10: =IF(Monde!F10="","",Monde!F10) | K10: =IF(Monde!G10="","",Monde!G10) | L10: =IF(Monde!I10="","",Monde!I10) | M10: =IF(Monde!J10="","",Monde!J10) | N10: =IF(Monde!K10="","",Monde!K10) | O10: =IF(Monde!L10="","",Monde!L10) | P10: =IF(Monde!M10="","",Monde!M10) | Q10: =IF(Monde!N10="","",Monde!N10) | R10: =IF(Monde!P10="","",Monde!P10) | S10: =IF(Monde!Q10="","",Monde!Q10) | T10: =IF(Monde!R10="","",Monde!R10)
A11: 2000-09 | D11: =IF(Monde!B11="","",Monde!B11) | E11: =IF(Monde!H11="","",Monde!H11) | F11: =IF(Monde!O11="","",Monde!O11) | G11: =IF(Monde!C11="","",Monde!C11) | H11: =IF(Monde!D11="","",Monde!D11) | I11: =IF(Monde!E11="","",Monde!E11) | J11: =IF(Monde!F11="","",Monde!F11) | K11: =IF(Monde!G11="","",Monde!G11) | L11: =IF(Monde!I11="","",Monde!I11) | M11: =IF(Monde!J11="","",Monde!J11) | N11: =IF(Monde!K11="","",Monde!K11) | O11: =IF(Monde!L11="","",Monde!L11) | P11: =IF(Monde!M11="","",Monde!M11) | Q11: =IF(Monde!N11="","",Monde!N11) | R11: =IF(Monde!P11="","",Monde!P11) | S11: =IF(Monde!Q11="","",Monde!Q11) | T11: =IF(Monde!R11="","",Monde!R11)
A12: 2000-10 | D12: =IF(Monde!B12="","",Monde!B12) | E12: =IF(Monde!H12="","",Monde!H12) | F12: =IF(Monde!O12="","",Monde!O12) | G12: =IF(Monde!C12="","",Monde!C12) | H12: =IF(Monde!D12="","",Monde!D12) | I12: =IF(Monde!E12="","",Monde!E12) | J12: =IF(Monde!F12="","",Monde!F12) | K12: =IF(Monde!G12="","",Monde!G12) | L12: =IF(Monde!I12="","",Monde!I12) | M12: =IF(Monde!J12="","",Monde!J12) | N12: =IF(Monde!K12="","",Monde!K12) | O12: =IF(Monde!L12="","",Monde!L12) | P12: =IF(Monde!M12="","",Monde!M12) | Q12: =IF(Monde!N12="","",Monde!N12) | R12: =IF(Monde!P12="","",Monde!P12) | S12: =IF(Monde!Q12="","",Monde!Q12) | T12: =IF(Monde!R12="","",Monde!R12)
A13: 2000-11 | D13: =IF(Monde!B13="","",Monde!B13) | E13: =IF(Monde!H13="","",Monde!H13) | F13: =IF(Monde!O13="","",Monde!O13) | G13: =IF(Monde!C13="","",Monde!C13) | H13: =IF(Monde!D13="","",Monde!D13) | I13: =IF(Monde!E13="","",Monde!E13) | J13: =IF(Monde!F13="","",Monde!F13) | K13: =IF(Monde!G13="","",Monde!G13) | L13: =IF(Monde!I13="","",Monde!I13) | M13: =IF(Monde!J13="","",Monde!J13) | N13: =IF(Monde!K13="","",Monde!K13) | O13: =IF(Monde!L13="","",Monde!L13) | P13: =IF(Monde!M13="","",Monde!M13) | Q13: =IF(Monde!N13="","",Monde!N13) | R13: =IF(Monde!P13="","",Monde!P13) | S13: =IF(Monde!Q13="","",Monde!Q13) | T13: =IF(Monde!R13="","",Monde!R13)
A14: 2000-12 | D14: =IF(Monde!B14="","",Monde!B14) | E14: =IF(Monde!H14="","",Monde!H14) | F14: =IF(Monde!O14="","",Monde!O14) | G14: =IF(Monde!C14="","",Monde!C14) | H14: =IF(Monde!D14="","",Monde!D14) | I14: =IF(Monde!E14="","",Monde!E14) | J14: =IF(Monde!F14="","",Monde!F14) | K14: =IF(Monde!G14="","",Monde!G14) | L14: =IF(Monde!I14="","",Monde!I14) | M14: =IF(Monde!J14="","",Monde!J14) | N14: =IF(Monde!K14="","",Monde!K14) | O14: =IF(Monde!L14="","",Monde!L14) | P14: =IF(Monde!M14="","",Monde!M14) | Q14: =IF(Monde!N14="","",Monde!N14) | R14: =IF(Monde!P14="","",Monde!P14) | S14: =IF(Monde!Q14="","",Monde!Q14) | T14: =IF(Monde!R14="","",Monde!R14)
... A323: 2026-09 | D323: =IF(Monde!B323="","",Monde!B323) | E323: =IF(Monde!H323="","",Monde!H323) | F323: =IF(Monde!O323="","",Monde!O323) | G323: =IF(Monde!C323="","",Monde!C323) | H323: =IF(Monde!D323="","",Monde!D323) | I323: =IF(Monde!E323="","",Monde!E323) | J323: =IF(Monde!F323="","",Monde!F323) | K323: =IF(Monde!G323="","",Monde!G323) | L323: =IF(Monde!I323="","",Monde!I323) | M323: =IF(Monde!J323="","",Monde!J323) | N323: =IF(Monde!K323="","",Monde!K323) | O323: =IF(Monde!L323="","",Monde!L323) | P323: =IF(Monde!M323="","",Monde!M323) | Q323: =IF(Monde!N323="","",Monde!N323) | R323: =IF(Monde!P323="","",Monde!P323) | S323: =IF(Monde!Q323="","",Monde!Q323) | T323: =IF(Monde!R323="","",Monde!R323)

Sheet NER
A2: Date | B2: cpi_all | C2: cpi_food | D2: fao_food | E2: oil_usd | F2: usd_xof | G2: fao_cereals | H2: fao_oils | I2: fao_sugar | J2: fao_dairy | K2: fao_meat | L2: rice_thai | M2: wheat_hrw | N2: palm_oil | O2: sugar_world | P2: maize | Q2: eur_usd | R2: gscpi | S2: bceao_import_food | T2: import_food_idx | U2: cpi_all_alt | V2: cpi_food_alt | W2: rain_anom | X2: quality_flag | Y2: note
A3: 2000-01 | D3: =IF(Monde!B3="","",Monde!B3) | E3: =IF(Monde!H3="","",Monde!H3) | F3: =IF(Monde!O3="","",Monde!O3) | G3: =IF(Monde!C3="","",Monde!C3) | H3: =IF(Monde!D3="","",Monde!D3) | I3: =IF(Monde!E3="","",Monde!E3) | J3: =IF(Monde!F3="","",Monde!F3) | K3: =IF(Monde!G3="","",Monde!G3) | L3: =IF(Monde!I3="","",Monde!I3) | M3: =IF(Monde!J3="","",Monde!J3) | N3: =IF(Monde!K3="","",Monde!K3) | O3: =IF(Monde!L3="","",Monde!L3) | P3: =IF(Monde!M3="","",Monde!M3) | Q3: =IF(Monde!N3="","",Monde!N3) | R3: =IF(Monde!P3="","",Monde!P3) | S3: =IF(Monde!Q3="","",Monde!Q3) | T3: =IF(Monde!R3="","",Monde!R3)
A4: 2000-02 | D4: =IF(Monde!B4="","",Monde!B4) | E4: =IF(Monde!H4="","",Monde!H4) | F4: =IF(Monde!O4="","",Monde!O4) | G4: =IF(Monde!C4="","",Monde!C4) | H4: =IF(Monde!D4="","",Monde!D4) | I4: =IF(Monde!E4="","",Monde!E4) | J4: =IF(Monde!F4="","",Monde!F4) | K4: =IF(Monde!G4="","",Monde!G4) | L4: =IF(Monde!I4="","",Monde!I4) | M4: =IF(Monde!J4="","",Monde!J4) | N4: =IF(Monde!K4="","",Monde!K4) | O4: =IF(Monde!L4="","",Monde!L4) | P4: =IF(Monde!M4="","",Monde!M4) | Q4: =IF(Monde!N4="","",Monde!N4) | R4: =IF(Monde!P4="","",Monde!P4) | S4: =IF(Monde!Q4="","",Monde!Q4) | T4: =IF(Monde!R4="","",Monde!R4)
A5: 2000-03 | D5: =IF(Monde!B5="","",Monde!B5) | E5: =IF(Monde!H5="","",Monde!H5) | F5: =IF(Monde!O5="","",Monde!O5) | G5: =IF(Monde!C5="","",Monde!C5) | H5: =IF(Monde!D5="","",Monde!D5) | I5: =IF(Monde!E5="","",Monde!E5) | J5: =IF(Monde!F5="","",Monde!F5) | K5: =IF(Monde!G5="","",Monde!G5) | L5: =IF(Monde!I5="","",Monde!I5) | M5: =IF(Monde!J5="","",Monde!J5) | N5: =IF(Monde!K5="","",Monde!K5) | O5: =IF(Monde!L5="","",Monde!L5) | P5: =IF(Monde!M5="","",Monde!M5) | Q5: =IF(Monde!N5="","",Monde!N5) | R5: =IF(Monde!P5="","",Monde!P5) | S5: =IF(Monde!Q5="","",Monde!Q5) | T5: =IF(Monde!R5="","",Monde!R5)
A6: 2000-04 | D6: =IF(Monde!B6="","",Monde!B6) | E6: =IF(Monde!H6="","",Monde!H6) | F6: =IF(Monde!O6="","",Monde!O6) | G6: =IF(Monde!C6="","",Monde!C6) | H6: =IF(Monde!D6="","",Monde!D6) | I6: =IF(Monde!E6="","",Monde!E6) | J6: =IF(Monde!F6="","",Monde!F6) | K6: =IF(Monde!G6="","",Monde!G6) | L6: =IF(Monde!I6="","",Monde!I6) | M6: =IF(Monde!J6="","",Monde!J6) | N6: =IF(Monde!K6="","",Monde!K6) | O6: =IF(Monde!L6="","",Monde!L6) | P6: =IF(Monde!M6="","",Monde!M6) | Q6: =IF(Monde!N6="","",Monde!N6) | R6: =IF(Monde!P6="","",Monde!P6) | S6: =IF(Monde!Q6="","",Monde!Q6) | T6: =IF(Monde!R6="","",Monde!R6)
A7: 2000-05 | D7: =IF(Monde!B7="","",Monde!B7) | E7: =IF(Monde!H7="","",Monde!H7) | F7: =IF(Monde!O7="","",Monde!O7) | G7: =IF(Monde!C7="","",Monde!C7) | H7: =IF(Monde!D7="","",Monde!D7) | I7: =IF(Monde!E7="","",Monde!E7) | J7: =IF(Monde!F7="","",Monde!F7) | K7: =IF(Monde!G7="","",Monde!G7) | L7: =IF(Monde!I7="","",Monde!I7) | M7: =IF(Monde!J7="","",Monde!J7) | N7: =IF(Monde!K7="","",Monde!K7) | O7: =IF(Monde!L7="","",Monde!L7) | P7: =IF(Monde!M7="","",Monde!M7) | Q7: =IF(Monde!N7="","",Monde!N7) | R7: =IF(Monde!P7="","",Monde!P7) | S7: =IF(Monde!Q7="","",Monde!Q7) | T7: =IF(Monde!R7="","",Monde!R7)
A8: 2000-06 | D8: =IF(Monde!B8="","",Monde!B8) | E8: =IF(Monde!H8="","",Monde!H8) | F8: =IF(Monde!O8="","",Monde!O8) | G8: =IF(Monde!C8="","",Monde!C8) | H8: =IF(Monde!D8="","",Monde!D8) | I8: =IF(Monde!E8="","",Monde!E8) | J8: =IF(Monde!F8="","",Monde!F8) | K8: =IF(Monde!G8="","",Monde!G8) | L8: =IF(Monde!I8="","",Monde!I8) | M8: =IF(Monde!J8="","",Monde!J8) | N8: =IF(Monde!K8="","",Monde!K8) | O8: =IF(Monde!L8="","",Monde!L8) | P8: =IF(Monde!M8="","",Monde!M8) | Q8: =IF(Monde!N8="","",Monde!N8) | R8: =IF(Monde!P8="","",Monde!P8) | S8: =IF(Monde!Q8="","",Monde!Q8) | T8: =IF(Monde!R8="","",Monde!R8)
A9: 2000-07 | D9: =IF(Monde!B9="","",Monde!B9) | E9: =IF(Monde!H9="","",Monde!H9) | F9: =IF(Monde!O9="","",Monde!O9) | G9: =IF(Monde!C9="","",Monde!C9) | H9: =IF(Monde!D9="","",Monde!D9) | I9: =IF(Monde!E9="","",Monde!E9) | J9: =IF(Monde!F9="","",Monde!F9) | K9: =IF(Monde!G9="","",Monde!G9) | L9: =IF(Monde!I9="","",Monde!I9) | M9: =IF(Monde!J9="","",Monde!J9) | N9: =IF(Monde!K9="","",Monde!K9) | O9: =IF(Monde!L9="","",Monde!L9) | P9: =IF(Monde!M9="","",Monde!M9) | Q9: =IF(Monde!N9="","",Monde!N9) | R9: =IF(Monde!P9="","",Monde!P9) | S9: =IF(Monde!Q9="","",Monde!Q9) | T9: =IF(Monde!R9="","",Monde!R9)
A10: 2000-08 | D10: =IF(Monde!B10="","",Monde!B10) | E10: =IF(Monde!H10="","",Monde!H10) | F10: =IF(Monde!O10="","",Monde!O10) | G10: =IF(Monde!C10="","",Monde!C10) | H10: =IF(Monde!D10="","",Monde!D10) | I10: =IF(Monde!E10="","",Monde!E10) | J10: =IF(Monde!F10="","",Monde!F10) | K10: =IF(Monde!G10="","",Monde!G10) | L10: =IF(Monde!I10="","",Monde!I10) | M10: =IF(Monde!J10="","",Monde!J10) | N10: =IF(Monde!K10="","",Monde!K10) | O10: =IF(Monde!L10="","",Monde!L10) | P10: =IF(Monde!M10="","",Monde!M10) | Q10: =IF(Monde!N10="","",Monde!N10) | R10: =IF(Monde!P10="","",Monde!P10) | S10: =IF(Monde!Q10="","",Monde!Q10) | T10: =IF(Monde!R10="","",Monde!R10)
A11: 2000-09 | D11: =IF(Monde!B11="","",Monde!B11) | E11: =IF(Monde!H11="","",Monde!H11) | F11: =IF(Monde!O11="","",Monde!O11) | G11: =IF(Monde!C11="","",Monde!C11) | H11: =IF(Monde!D11="","",Monde!D11) | I11: =IF(Monde!E11="","",Monde!E11) | J11: =IF(Monde!F11="","",Monde!F11) | K11: =IF(Monde!G11="","",Monde!G11) | L11: =IF(Monde!I11="","",Monde!I11) | M11: =IF(Monde!J11="","",Monde!J11) | N11: =IF(Monde!K11="","",Monde!K11) | O11: =IF(Monde!L11="","",Monde!L11) | P11: =IF(Monde!M11="","",Monde!M11) | Q11: =IF(Monde!N11="","",Monde!N11) | R11: =IF(Monde!P11="","",Monde!P11) | S11: =IF(Monde!Q11="","",Monde!Q11) | T11: =IF(Monde!R11="","",Monde!R11)
A12: 2000-10 | D12: =IF(Monde!B12="","",Monde!B12) | E12: =IF(Monde!H12="","",Monde!H12) | F12: =IF(Monde!O12="","",Monde!O12) | G12: =IF(Monde!C12="","",Monde!C12) | H12: =IF(Monde!D12="","",Monde!D12) | I12: =IF(Monde!E12="","",Monde!E12) | J12: =IF(Monde!F12="","",Monde!F12) | K12: =IF(Monde!G12="","",Monde!G12) | L12: =IF(Monde!I12="","",Monde!I12) | M12: =IF(Monde!J12="","",Monde!J12) | N12: =IF(Monde!K12="","",Monde!K12) | O12: =IF(Monde!L12="","",Monde!L12) | P12: =IF(Monde!M12="","",Monde!M12) | Q12: =IF(Monde!N12="","",Monde!N12) | R12: =IF(Monde!P12="","",Monde!P12) | S12: =IF(Monde!Q12="","",Monde!Q12) | T12: =IF(Monde!R12="","",Monde!R12)
A13: 2000-11 | D13: =IF(Monde!B13="","",Monde!B13) | E13: =IF(Monde!H13="","",Monde!H13) | F13: =IF(Monde!O13="","",Monde!O13) | G13: =IF(Monde!C13="","",Monde!C13) | H13: =IF(Monde!D13="","",Monde!D13) | I13: =IF(Monde!E13="","",Monde!E13) | J13: =IF(Monde!F13="","",Monde!F13) | K13: =IF(Monde!G13="","",Monde!G13) | L13: =IF(Monde!I13="","",Monde!I13) | M13: =IF(Monde!J13="","",Monde!J13) | N13: =IF(Monde!K13="","",Monde!K13) | O13: =IF(Monde!L13="","",Monde!L13) | P13: =IF(Monde!M13="","",Monde!M13) | Q13: =IF(Monde!N13="","",Monde!N13) | R13: =IF(Monde!P13="","",Monde!P13) | S13: =IF(Monde!Q13="","",Monde!Q13) | T13: =IF(Monde!R13="","",Monde!R13)
A14: 2000-12 | D14: =IF(Monde!B14="","",Monde!B14) | E14: =IF(Monde!H14="","",Monde!H14) | F14: =IF(Monde!O14="","",Monde!O14) | G14: =IF(Monde!C14="","",Monde!C14) | H14: =IF(Monde!D14="","",Monde!D14) | I14: =IF(Monde!E14="","",Monde!E14) | J14: =IF(Monde!F14="","",Monde!F14) | K14: =IF(Monde!G14="","",Monde!G14) | L14: =IF(Monde!I14="","",Monde!I14) | M14: =IF(Monde!J14="","",Monde!J14) | N14: =IF(Monde!K14="","",Monde!K14) | O14: =IF(Monde!L14="","",Monde!L14) | P14: =IF(Monde!M14="","",Monde!M14) | Q14: =IF(Monde!N14="","",Monde!N14) | R14: =IF(Monde!P14="","",Monde!P14) | S14: =IF(Monde!Q14="","",Monde!Q14) | T14: =IF(Monde!R14="","",Monde!R14)
... A323: 2026-09 | D323: =IF(Monde!B323="","",Monde!B323) | E323: =IF(Monde!H323="","",Monde!H323) | F323: =IF(Monde!O323="","",Monde!O323) | G323: =IF(Monde!C323="","",Monde!C323) | H323: =IF(Monde!D323="","",Monde!D323) | I323: =IF(Monde!E323="","",Monde!E323) | J323: =IF(Monde!F323="","",Monde!F323) | K323: =IF(Monde!G323="","",Monde!G323) | L323: =IF(Monde!I323="","",Monde!I323) | M323: =IF(Monde!J323="","",Monde!J323) | N323: =IF(Monde!K323="","",Monde!K323) | O323: =IF(Monde!L323="","",Monde!L323) | P323: =IF(Monde!M323="","",Monde!M323) | Q323: =IF(Monde!N323="","",Monde!N323) | R323: =IF(Monde!P323="","",Monde!P323) | S323: =IF(Monde!Q323="","",Monde!Q323) | T323: =IF(Monde!R323="","",Monde!R323)

Sheet SEN
A2: Date | B2: cpi_all | C2: cpi_food | D2: fao_food | E2: oil_usd | F2: usd_xof | G2: fao_cereals | H2: fao_oils | I2: fao_sugar | J2: fao_dairy | K2: fao_meat | L2: rice_thai | M2: wheat_hrw | N2: palm_oil | O2: sugar_world | P2: maize | Q2: eur_usd | R2: gscpi | S2: bceao_import_food | T2: import_food_idx | U2: cpi_all_alt | V2: cpi_food_alt | W2: rain_anom | X2: quality_flag | Y2: note
A3: 2000-01 | D3: =IF(Monde!B3="","",Monde!B3) | E3: =IF(Monde!H3="","",Monde!H3) | F3: =IF(Monde!O3="","",Monde!O3) | G3: =IF(Monde!C3="","",Monde!C3) | H3: =IF(Monde!D3="","",Monde!D3) | I3: =IF(Monde!E3="","",Monde!E3) | J3: =IF(Monde!F3="","",Monde!F3) | K3: =IF(Monde!G3="","",Monde!G3) | L3: =IF(Monde!I3="","",Monde!I3) | M3: =IF(Monde!J3="","",Monde!J3) | N3: =IF(Monde!K3="","",Monde!K3) | O3: =IF(Monde!L3="","",Monde!L3) | P3: =IF(Monde!M3="","",Monde!M3) | Q3: =IF(Monde!N3="","",Monde!N3) | R3: =IF(Monde!P3="","",Monde!P3) | S3: =IF(Monde!Q3="","",Monde!Q3) | T3: =IF(Monde!R3="","",Monde!R3)
A4: 2000-02 | D4: =IF(Monde!B4="","",Monde!B4) | E4: =IF(Monde!H4="","",Monde!H4) | F4: =IF(Monde!O4="","",Monde!O4) | G4: =IF(Monde!C4="","",Monde!C4) | H4: =IF(Monde!D4="","",Monde!D4) | I4: =IF(Monde!E4="","",Monde!E4) | J4: =IF(Monde!F4="","",Monde!F4) | K4: =IF(Monde!G4="","",Monde!G4) | L4: =IF(Monde!I4="","",Monde!I4) | M4: =IF(Monde!J4="","",Monde!J4) | N4: =IF(Monde!K4="","",Monde!K4) | O4: =IF(Monde!L4="","",Monde!L4) | P4: =IF(Monde!M4="","",Monde!M4) | Q4: =IF(Monde!N4="","",Monde!N4) | R4: =IF(Monde!P4="","",Monde!P4) | S4: =IF(Monde!Q4="","",Monde!Q4) | T4: =IF(Monde!R4="","",Monde!R4)
A5: 2000-03 | D5: =IF(Monde!B5="","",Monde!B5) | E5: =IF(Monde!H5="","",Monde!H5) | F5: =IF(Monde!O5="","",Monde!O5) | G5: =IF(Monde!C5="","",Monde!C5) | H5: =IF(Monde!D5="","",Monde!D5) | I5: =IF(Monde!E5="","",Monde!E5) | J5: =IF(Monde!F5="","",Monde!F5) | K5: =IF(Monde!G5="","",Monde!G5) | L5: =IF(Monde!I5="","",Monde!I5) | M5: =IF(Monde!J5="","",Monde!J5) | N5: =IF(Monde!K5="","",Monde!K5) | O5: =IF(Monde!L5="","",Monde!L5) | P5: =IF(Monde!M5="","",Monde!M5) | Q5: =IF(Monde!N5="","",Monde!N5) | R5: =IF(Monde!P5="","",Monde!P5) | S5: =IF(Monde!Q5="","",Monde!Q5) | T5: =IF(Monde!R5="","",Monde!R5)
A6: 2000-04 | D6: =IF(Monde!B6="","",Monde!B6) | E6: =IF(Monde!H6="","",Monde!H6) | F6: =IF(Monde!O6="","",Monde!O6) | G6: =IF(Monde!C6="","",Monde!C6) | H6: =IF(Monde!D6="","",Monde!D6) | I6: =IF(Monde!E6="","",Monde!E6) | J6: =IF(Monde!F6="","",Monde!F6) | K6: =IF(Monde!G6="","",Monde!G6) | L6: =IF(Monde!I6="","",Monde!I6) | M6: =IF(Monde!J6="","",Monde!J6) | N6: =IF(Monde!K6="","",Monde!K6) | O6: =IF(Monde!L6="","",Monde!L6) | P6: =IF(Monde!M6="","",Monde!M6) | Q6: =IF(Monde!N6="","",Monde!N6) | R6: =IF(Monde!P6="","",Monde!P6) | S6: =IF(Monde!Q6="","",Monde!Q6) | T6: =IF(Monde!R6="","",Monde!R6)
A7: 2000-05 | D7: =IF(Monde!B7="","",Monde!B7) | E7: =IF(Monde!H7="","",Monde!H7) | F7: =IF(Monde!O7="","",Monde!O7) | G7: =IF(Monde!C7="","",Monde!C7) | H7: =IF(Monde!D7="","",Monde!D7) | I7: =IF(Monde!E7="","",Monde!E7) | J7: =IF(Monde!F7="","",Monde!F7) | K7: =IF(Monde!G7="","",Monde!G7) | L7: =IF(Monde!I7="","",Monde!I7) | M7: =IF(Monde!J7="","",Monde!J7) | N7: =IF(Monde!K7="","",Monde!K7) | O7: =IF(Monde!L7="","",Monde!L7) | P7: =IF(Monde!M7="","",Monde!M7) | Q7: =IF(Monde!N7="","",Monde!N7) | R7: =IF(Monde!P7="","",Monde!P7) | S7: =IF(Monde!Q7="","",Monde!Q7) | T7: =IF(Monde!R7="","",Monde!R7)
A8: 2000-06 | D8: =IF(Monde!B8="","",Monde!B8) | E8: =IF(Monde!H8="","",Monde!H8) | F8: =IF(Monde!O8="","",Monde!O8) | G8: =IF(Monde!C8="","",Monde!C8) | H8: =IF(Monde!D8="","",Monde!D8) | I8: =IF(Monde!E8="","",Monde!E8) | J8: =IF(Monde!F8="","",Monde!F8) | K8: =IF(Monde!G8="","",Monde!G8) | L8: =IF(Monde!I8="","",Monde!I8) | M8: =IF(Monde!J8="","",Monde!J8) | N8: =IF(Monde!K8="","",Monde!K8) | O8: =IF(Monde!L8="","",Monde!L8) | P8: =IF(Monde!M8="","",Monde!M8) | Q8: =IF(Monde!N8="","",Monde!N8) | R8: =IF(Monde!P8="","",Monde!P8) | S8: =IF(Monde!Q8="","",Monde!Q8) | T8: =IF(Monde!R8="","",Monde!R8)
A9: 2000-07 | D9: =IF(Monde!B9="","",Monde!B9) | E9: =IF(Monde!H9="","",Monde!H9) | F9: =IF(Monde!O9="","",Monde!O9) | G9: =IF(Monde!C9="","",Monde!C9) | H9: =IF(Monde!D9="","",Monde!D9) | I9: =IF(Monde!E9="","",Monde!E9) | J9: =IF(Monde!F9="","",Monde!F9) | K9: =IF(Monde!G9="","",Monde!G9) | L9: =IF(Monde!I9="","",Monde!I9) | M9: =IF(Monde!J9="","",Monde!J9) | N9: =IF(Monde!K9="","",Monde!K9) | O9: =IF(Monde!L9="","",Monde!L9) | P9: =IF(Monde!M9="","",Monde!M9) | Q9: =IF(Monde!N9="","",Monde!N9) | R9: =IF(Monde!P9="","",Monde!P9) | S9: =IF(Monde!Q9="","",Monde!Q9) | T9: =IF(Monde!R9="","",Monde!R9)
A10: 2000-08 | D10: =IF(Monde!B10="","",Monde!B10) | E10: =IF(Monde!H10="","",Monde!H10) | F10: =IF(Monde!O10="","",Monde!O10) | G10: =IF(Monde!C10="","",Monde!C10) | H10: =IF(Monde!D10="","",Monde!D10) | I10: =IF(Monde!E10="","",Monde!E10) | J10: =IF(Monde!F10="","",Monde!F10) | K10: =IF(Monde!G10="","",Monde!G10) | L10: =IF(Monde!I10="","",Monde!I10) | M10: =IF(Monde!J10="","",Monde!J10) | N10: =IF(Monde!K10="","",Monde!K10) | O10: =IF(Monde!L10="","",Monde!L10) | P10: =IF(Monde!M10="","",Monde!M10) | Q10: =IF(Monde!N10="","",Monde!N10) | R10: =IF(Monde!P10="","",Monde!P10) | S10: =IF(Monde!Q10="","",Monde!Q10) | T10: =IF(Monde!R10="","",Monde!R10)
A11: 2000-09 | D11: =IF(Monde!B11="","",Monde!B11) | E11: =IF(Monde!H11="","",Monde!H11) | F11: =IF(Monde!O11="","",Monde!O11) | G11: =IF(Monde!C11="","",Monde!C11) | H11: =IF(Monde!D11="","",Monde!D11) | I11: =IF(Monde!E11="","",Monde!E11) | J11: =IF(Monde!F11="","",Monde!F11) | K11: =IF(Monde!G11="","",Monde!G11) | L11: =IF(Monde!I11="","",Monde!I11) | M11: =IF(Monde!J11="","",Monde!J11) | N11: =IF(Monde!K11="","",Monde!K11) | O11: =IF(Monde!L11="","",Monde!L11) | P11: =IF(Monde!M11="","",Monde!M11) | Q11: =IF(Monde!N11="","",Monde!N11) | R11: =IF(Monde!P11="","",Monde!P11) | S11: =IF(Monde!Q11="","",Monde!Q11) | T11: =IF(Monde!R11="","",Monde!R11)
A12: 2000-10 | D12: =IF(Monde!B12="","",Monde!B12) | E12: =IF(Monde!H12="","",Monde!H12) | F12: =IF(Monde!O12="","",Monde!O12) | G12: =IF(Monde!C12="","",Monde!C12) | H12: =IF(Monde!D12="","",Monde!D12) | I12: =IF(Monde!E12="","",Monde!E12) | J12: =IF(Monde!F12="","",Monde!F12) | K12: =IF(Monde!G12="","",Monde!G12) | L12: =IF(Monde!I12="","",Monde!I12) | M12: =IF(Monde!J12="","",Monde!J12) | N12: =IF(Monde!K12="","",Monde!K12) | O12: =IF(Monde!L12="","",Monde!L12) | P12: =IF(Monde!M12="","",Monde!M12) | Q12: =IF(Monde!N12="","",Monde!N12) | R12: =IF(Monde!P12="","",Monde!P12) | S12: =IF(Monde!Q12="","",Monde!Q12) | T12: =IF(Monde!R12="","",Monde!R12)
A13: 2000-11 | D13: =IF(Monde!B13="","",Monde!B13) | E13: =IF(Monde!H13="","",Monde!H13) | F13: =IF(Monde!O13="","",Monde!O13) | G13: =IF(Monde!C13="","",Monde!C13) | H13: =IF(Monde!D13="","",Monde!D13) | I13: =IF(Monde!E13="","",Monde!E13) | J13: =IF(Monde!F13="","",Monde!F13) | K13: =IF(Monde!G13="","",Monde!G13) | L13: =IF(Monde!I13="","",Monde!I13) | M13: =IF(Monde!J13="","",Monde!J13) | N13: =IF(Monde!K13="","",Monde!K13) | O13: =IF(Monde!L13="","",Monde!L13) | P13: =IF(Monde!M13="","",Monde!M13) | Q13: =IF(Monde!N13="","",Monde!N13) | R13: =IF(Monde!P13="","",Monde!P13) | S13: =IF(Monde!Q13="","",Monde!Q13) | T13: =IF(Monde!R13="","",Monde!R13)
A14: 2000-12 | D14: =IF(Monde!B14="","",Monde!B14) | E14: =IF(Monde!H14="","",Monde!H14) | F14: =IF(Monde!O14="","",Monde!O14) | G14: =IF(Monde!C14="","",Monde!C14) | H14: =IF(Monde!D14="","",Monde!D14) | I14: =IF(Monde!E14="","",Monde!E14) | J14: =IF(Monde!F14="","",Monde!F14) | K14: =IF(Monde!G14="","",Monde!G14) | L14: =IF(Monde!I14="","",Monde!I14) | M14: =IF(Monde!J14="","",Monde!J14) | N14: =IF(Monde!K14="","",Monde!K14) | O14: =IF(Monde!L14="","",Monde!L14) | P14: =IF(Monde!M14="","",Monde!M14) | Q14: =IF(Monde!N14="","",Monde!N14) | R14: =IF(Monde!P14="","",Monde!P14) | S14: =IF(Monde!Q14="","",Monde!Q14) | T14: =IF(Monde!R14="","",Monde!R14)
... A323: 2026-09 | D323: =IF(Monde!B323="","",Monde!B323) | E323: =IF(Monde!H323="","",Monde!H323) | F323: =IF(Monde!O323="","",Monde!O323) | G323: =IF(Monde!C323="","",Monde!C323) | H323: =IF(Monde!D323="","",Monde!D323) | I323: =IF(Monde!E323="","",Monde!E323) | J323: =IF(Monde!F323="","",Monde!F323) | K323: =IF(Monde!G323="","",Monde!G323) | L323: =IF(Monde!I323="","",Monde!I323) | M323: =IF(Monde!J323="","",Monde!J323) | N323: =IF(Monde!K323="","",Monde!K323) | O323: =IF(Monde!L323="","",Monde!L323) | P323: =IF(Monde!M323="","",Monde!M323) | Q323: =IF(Monde!N323="","",Monde!N323) | R323: =IF(Monde!P323="","",Monde!P323) | S323: =IF(Monde!Q323="","",Monde!Q323) | T323: =IF(Monde!R323="","",Monde!R323)

Sheet TGO
A2: Date | B2: cpi_all | C2: cpi_food | D2: fao_food | E2: oil_usd | F2: usd_xof | G2: fao_cereals | H2: fao_oils | I2: fao_sugar | J2: fao_dairy | K2: fao_meat | L2: rice_thai | M2: wheat_hrw | N2: palm_oil | O2: sugar_world | P2: maize | Q2: eur_usd | R2: gscpi | S2: bceao_import_food | T2: import_food_idx | U2: cpi_all_alt | V2: cpi_food_alt | W2: rain_anom | X2: quality_flag | Y2: note
A3: 2000-01 | D3: =IF(Monde!B3="","",Monde!B3) | E3: =IF(Monde!H3="","",Monde!H3) | F3: =IF(Monde!O3="","",Monde!O3) | G3: =IF(Monde!C3="","",Monde!C3) | H3: =IF(Monde!D3="","",Monde!D3) | I3: =IF(Monde!E3="","",Monde!E3) | J3: =IF(Monde!F3="","",Monde!F3) | K3: =IF(Monde!G3="","",Monde!G3) | L3: =IF(Monde!I3="","",Monde!I3) | M3: =IF(Monde!J3="","",Monde!J3) | N3: =IF(Monde!K3="","",Monde!K3) | O3: =IF(Monde!L3="","",Monde!L3) | P3: =IF(Monde!M3="","",Monde!M3) | Q3: =IF(Monde!N3="","",Monde!N3) | R3: =IF(Monde!P3="","",Monde!P3) | S3: =IF(Monde!Q3="","",Monde!Q3) | T3: =IF(Monde!R3="","",Monde!R3)
A4: 2000-02 | D4: =IF(Monde!B4="","",Monde!B4) | E4: =IF(Monde!H4="","",Monde!H4) | F4: =IF(Monde!O4="","",Monde!O4) | G4: =IF(Monde!C4="","",Monde!C4) | H4: =IF(Monde!D4="","",Monde!D4) | I4: =IF(Monde!E4="","",Monde!E4) | J4: =IF(Monde!F4="","",Monde!F4) | K4: =IF(Monde!G4="","",Monde!G4) | L4: =IF(Monde!I4="","",Monde!I4) | M4: =IF(Monde!J4="","",Monde!J4) | N4: =IF(Monde!K4="","",Monde!K4) | O4: =IF(Monde!L4="","",Monde!L4) | P4: =IF(Monde!M4="","",Monde!M4) | Q4: =IF(Monde!N4="","",Monde!N4) | R4: =IF(Monde!P4="","",Monde!P4) | S4: =IF(Monde!Q4="","",Monde!Q4) | T4: =IF(Monde!R4="","",Monde!R4)
A5: 2000-03 | D5: =IF(Monde!B5="","",Monde!B5) | E5: =IF(Monde!H5="","",Monde!H5) | F5: =IF(Monde!O5="","",Monde!O5) | G5: =IF(Monde!C5="","",Monde!C5) | H5: =IF(Monde!D5="","",Monde!D5) | I5: =IF(Monde!E5="","",Monde!E5) | J5: =IF(Monde!F5="","",Monde!F5) | K5: =IF(Monde!G5="","",Monde!G5) | L5: =IF(Monde!I5="","",Monde!I5) | M5: =IF(Monde!J5="","",Monde!J5) | N5: =IF(Monde!K5="","",Monde!K5) | O5: =IF(Monde!L5="","",Monde!L5) | P5: =IF(Monde!M5="","",Monde!M5) | Q5: =IF(Monde!N5="","",Monde!N5) | R5: =IF(Monde!P5="","",Monde!P5) | S5: =IF(Monde!Q5="","",Monde!Q5) | T5: =IF(Monde!R5="","",Monde!R5)
A6: 2000-04 | D6: =IF(Monde!B6="","",Monde!B6) | E6: =IF(Monde!H6="","",Monde!H6) | F6: =IF(Monde!O6="","",Monde!O6) | G6: =IF(Monde!C6="","",Monde!C6) | H6: =IF(Monde!D6="","",Monde!D6) | I6: =IF(Monde!E6="","",Monde!E6) | J6: =IF(Monde!F6="","",Monde!F6) | K6: =IF(Monde!G6="","",Monde!G6) | L6: =IF(Monde!I6="","",Monde!I6) | M6: =IF(Monde!J6="","",Monde!J6) | N6: =IF(Monde!K6="","",Monde!K6) | O6: =IF(Monde!L6="","",Monde!L6) | P6: =IF(Monde!M6="","",Monde!M6) | Q6: =IF(Monde!N6="","",Monde!N6) | R6: =IF(Monde!P6="","",Monde!P6) | S6: =IF(Monde!Q6="","",Monde!Q6) | T6: =IF(Monde!R6="","",Monde!R6)
A7: 2000-05 | D7: =IF(Monde!B7="","",Monde!B7) | E7: =IF(Monde!H7="","",Monde!H7) | F7: =IF(Monde!O7="","",Monde!O7) | G7: =IF(Monde!C7="","",Monde!C7) | H7: =IF(Monde!D7="","",Monde!D7) | I7: =IF(Monde!E7="","",Monde!E7) | J7: =IF(Monde!F7="","",Monde!F7) | K7: =IF(Monde!G7="","",Monde!G7) | L7: =IF(Monde!I7="","",Monde!I7) | M7: =IF(Monde!J7="","",Monde!J7) | N7: =IF(Monde!K7="","",Monde!K7) | O7: =IF(Monde!L7="","",Monde!L7) | P7: =IF(Monde!M7="","",Monde!M7) | Q7: =IF(Monde!N7="","",Monde!N7) | R7: =IF(Monde!P7="","",Monde!P7) | S7: =IF(Monde!Q7="","",Monde!Q7) | T7: =IF(Monde!R7="","",Monde!R7)
A8: 2000-06 | D8: =IF(Monde!B8="","",Monde!B8) | E8: =IF(Monde!H8="","",Monde!H8) | F8: =IF(Monde!O8="","",Monde!O8) | G8: =IF(Monde!C8="","",Monde!C8) | H8: =IF(Monde!D8="","",Monde!D8) | I8: =IF(Monde!E8="","",Monde!E8) | J8: =IF(Monde!F8="","",Monde!F8) | K8: =IF(Monde!G8="","",Monde!G8) | L8: =IF(Monde!I8="","",Monde!I8) | M8: =IF(Monde!J8="","",Monde!J8) | N8: =IF(Monde!K8="","",Monde!K8) | O8: =IF(Monde!L8="","",Monde!L8) | P8: =IF(Monde!M8="","",Monde!M8) | Q8: =IF(Monde!N8="","",Monde!N8) | R8: =IF(Monde!P8="","",Monde!P8) | S8: =IF(Monde!Q8="","",Monde!Q8) | T8: =IF(Monde!R8="","",Monde!R8)
A9: 2000-07 | D9: =IF(Monde!B9="","",Monde!B9) | E9: =IF(Monde!H9="","",Monde!H9) | F9: =IF(Monde!O9="","",Monde!O9) | G9: =IF(Monde!C9="","",Monde!C9) | H9: =IF(Monde!D9="","",Monde!D9) | I9: =IF(Monde!E9="","",Monde!E9) | J9: =IF(Monde!F9="","",Monde!F9) | K9: =IF(Monde!G9="","",Monde!G9) | L9: =IF(Monde!I9="","",Monde!I9) | M9: =IF(Monde!J9="","",Monde!J9) | N9: =IF(Monde!K9="","",Monde!K9) | O9: =IF(Monde!L9="","",Monde!L9) | P9: =IF(Monde!M9="","",Monde!M9) | Q9: =IF(Monde!N9="","",Monde!N9) | R9: =IF(Monde!P9="","",Monde!P9) | S9: =IF(Monde!Q9="","",Monde!Q9) | T9: =IF(Monde!R9="","",Monde!R9)
A10: 2000-08 | D10: =IF(Monde!B10="","",Monde!B10) | E10: =IF(Monde!H10="","",Monde!H10) | F10: =IF(Monde!O10="","",Monde!O10) | G10: =IF(Monde!C10="","",Monde!C10) | H10: =IF(Monde!D10="","",Monde!D10) | I10: =IF(Monde!E10="","",Monde!E10) | J10: =IF(Monde!F10="","",Monde!F10) | K10: =IF(Monde!G10="","",Monde!G10) | L10: =IF(Monde!I10="","",Monde!I10) | M10: =IF(Monde!J10="","",Monde!J10) | N10: =IF(Monde!K10="","",Monde!K10) | O10: =IF(Monde!L10="","",Monde!L10) | P10: =IF(Monde!M10="","",Monde!M10) | Q10: =IF(Monde!N10="","",Monde!N10) | R10: =IF(Monde!P10="","",Monde!P10) | S10: =IF(Monde!Q10="","",Monde!Q10) | T10: =IF(Monde!R10="","",Monde!R10)
A11: 2000-09 | D11: =IF(Monde!B11="","",Monde!B11) | E11: =IF(Monde!H11="","",Monde!H11) | F11: =IF(Monde!O11="","",Monde!O11) | G11: =IF(Monde!C11="","",Monde!C11) | H11: =IF(Monde!D11="","",Monde!D11) | I11: =IF(Monde!E11="","",Monde!E11) | J11: =IF(Monde!F11="","",Monde!F11) | K11: =IF(Monde!G11="","",Monde!G11) | L11: =IF(Monde!I11="","",Monde!I11) | M11: =IF(Monde!J11="","",Monde!J11) | N11: =IF(Monde!K11="","",Monde!K11) | O11: =IF(Monde!L11="","",Monde!L11) | P11: =IF(Monde!M11="","",Monde!M11) | Q11: =IF(Monde!N11="","",Monde!N11) | R11: =IF(Monde!P11="","",Monde!P11) | S11: =IF(Monde!Q11="","",Monde!Q11) | T11: =IF(Monde!R11="","",Monde!R11)
A12: 2000-10 | D12: =IF(Monde!B12="","",Monde!B12) | E12: =IF(Monde!H12="","",Monde!H12) | F12: =IF(Monde!O12="","",Monde!O12) | G12: =IF(Monde!C12="","",Monde!C12) | H12: =IF(Monde!D12="","",Monde!D12) | I12: =IF(Monde!E12="","",Monde!E12) | J12: =IF(Monde!F12="","",Monde!F12) | K12: =IF(Monde!G12="","",Monde!G12) | L12: =IF(Monde!I12="","",Monde!I12) | M12: =IF(Monde!J12="","",Monde!J12) | N12: =IF(Monde!K12="","",Monde!K12) | O12: =IF(Monde!L12="","",Monde!L12) | P12: =IF(Monde!M12="","",Monde!M12) | Q12: =IF(Monde!N12="","",Monde!N12) | R12: =IF(Monde!P12="","",Monde!P12) | S12: =IF(Monde!Q12="","",Monde!Q12) | T12: =IF(Monde!R12="","",Monde!R12)
A13: 2000-11 | D13: =IF(Monde!B13="","",Monde!B13) | E13: =IF(Monde!H13="","",Monde!H13) | F13: =IF(Monde!O13="","",Monde!O13) | G13: =IF(Monde!C13="","",Monde!C13) | H13: =IF(Monde!D13="","",Monde!D13) | I13: =IF(Monde!E13="","",Monde!E13) | J13: =IF(Monde!F13="","",Monde!F13) | K13: =IF(Monde!G13="","",Monde!G13) | L13: =IF(Monde!I13="","",Monde!I13) | M13: =IF(Monde!J13="","",Monde!J13) | N13: =IF(Monde!K13="","",Monde!K13) | O13: =IF(Monde!L13="","",Monde!L13) | P13: =IF(Monde!M13="","",Monde!M13) | Q13: =IF(Monde!N13="","",Monde!N13) | R13: =IF(Monde!P13="","",Monde!P13) | S13: =IF(Monde!Q13="","",Monde!Q13) | T13: =IF(Monde!R13="","",Monde!R13)
A14: 2000-12 | D14: =IF(Monde!B14="","",Monde!B14) | E14: =IF(Monde!H14="","",Monde!H14) | F14: =IF(Monde!O14="","",Monde!O14) | G14: =IF(Monde!C14="","",Monde!C14) | H14: =IF(Monde!D14="","",Monde!D14) | I14: =IF(Monde!E14="","",Monde!E14) | J14: =IF(Monde!F14="","",Monde!F14) | K14: =IF(Monde!G14="","",Monde!G14) | L14: =IF(Monde!I14="","",Monde!I14) | M14: =IF(Monde!J14="","",Monde!J14) | N14: =IF(Monde!K14="","",Monde!K14) | O14: =IF(Monde!L14="","",Monde!L14) | P14: =IF(Monde!M14="","",Monde!M14) | Q14: =IF(Monde!N14="","",Monde!N14) | R14: =IF(Monde!P14="","",Monde!P14) | S14: =IF(Monde!Q14="","",Monde!Q14) | T14: =IF(Monde!R14="","",Monde!R14)
... A323: 2026-09 | D323: =IF(Monde!B323="","",Monde!B323) | E323: =IF(Monde!H323="","",Monde!H323) | F323: =IF(Monde!O323="","",Monde!O323) | G323: =IF(Monde!C323="","",Monde!C323) | H323: =IF(Monde!D323="","",Monde!D323) | I323: =IF(Monde!E323="","",Monde!E323) | J323: =IF(Monde!F323="","",Monde!F323) | K323: =IF(Monde!G323="","",Monde!G323) | L323: =IF(Monde!I323="","",Monde!I323) | M323: =IF(Monde!J323="","",Monde!J323) | N323: =IF(Monde!K323="","",Monde!K323) | O323: =IF(Monde!L323="","",Monde!L323) | P323: =IF(Monde!M323="","",Monde!M323) | Q323: =IF(Monde!N323="","",Monde!N323) | R323: =IF(Monde!P323="","",Monde!P323) | S323: =IF(Monde!Q323="","",Monde!Q323) | T323: =IF(Monde!R323="","",Monde!R323)

Sheet Annuel
A2: Date | B2: local_agri_supply_BEN | C2: local_agri_supply_BFA | D2: local_agri_supply_CIV | E2: local_agri_supply_GNB | F2: local_agri_supply_MLI | G2: local_agri_supply_NER | H2: local_agri_supply_SEN | I2: local_agri_supply_TGO | J2: import_dependency_BEN | K2: import_dependency_BFA | L2: import_dependency_CIV | M2: import_dependency_GNB | N2: import_dependency_MLI | O2: import_dependency_NER | P2: import_dependency_SEN | Q2: import_dependency_TGO | R2: food_imports_share_BEN | S2: food_imports_share_BFA | T2: food_imports_share_CIV | U2: food_imports_share_GNB | V2: food_imports_share_MLI | W2: food_imports_share_NER | X2: food_imports_share_SEN | Y2: food_imports_share_TGO | Z2: gdp_real_BEN | AA2: gdp_real_BFA | AB2: gdp_real_CIV | AC2: gdp_real_GNB | AD2: gdp_real_MLI | AE2: gdp_real_NER | AF2: gdp_real_SEN | AG2: gdp_real_TGO
A3: 2000
A4: 2001
A5: 2002
A6: 2003
A7: 2004
A8: 2005
A9: 2006
A10: 2007
A11: 2008
A12: 2009
A13: 2010
A14: 2011
... A29: 2026

Sheet Pays
B2: country | C2: iso3 | D2: Onglet | E2: coastal | F2: food_weight | G2: food_weight_2023 | H2: import_share_cpi | I2: fuel_adj_freq | J2: bceao_rice_elasticity | K2: bceao_effect_food | L2: bceao_effect_headline | M2: Institut national de statistique | N2: Site de l'institut | O2: Jeu HDX, prix PAM | P2: Jeu HDX, pluviométrie
B3: Bénin | C3: BEN | D3: BEN | E3: 1 | F3: 37.5 | H3: 27.4 | I3: 3 | J3: 0.354 | K3: 0.1649 | L3: 0.094 | M3: INStaD | N3: https://instad.bj | O3: wfp-food-prices-for-benin | P3: ben-rainfall-subnational
B4: Burkina Faso | C4: BFA | D4: BFA | E4: 0 | F4: 50.2 | G4: 29.04 | H4: 31.7 | I4: 2 | J4: 0.605 | K4: 0.4608 | L4: 0.224 | M4: INSD | N4: https://www.insd.bf | O4: wfp-food-prices-for-burkina-faso | P4: bfa-rainfall-subnational
B5: Côte d'Ivoire | C5: CIV | D5: CIV | E5: 1 | F5: 29.3 | H5: 16.7 | I5: 4 | J5: 0.132 | K5: 0.1874 | L5: 0.075 | M5: ANStat | N5: https://www.anstat.ci | O5: wfp-food-prices-for-cote-d-ivoire | P5: civ-rainfall-subnational
B6: Guinée-Bissau | C6: GNB | D6: GNB | E6: 1 | F6: 60.3 | H6: 42.6 | I6: 2 | J6: 0.254 | K6: 0.2386 | L6: 0.193 | M6: INE | O6: wfp-food-prices-for-guinea-bissau | P6: gnb-rainfall-subnational
B7: Mali | C7: MLI | D7: MLI | E7: 0 | F7: 58.5 | H7: 35.5 | I7: 4 | J7: 0.379 | K7: 0.3427 | L7: 0.218 | M7: INSTAT | O7: wfp-food-prices-for-mali | P7: mli-rainfall-subnational
B8: Niger | C8: NER | D8: NER | E8: 0 | F8: 47.8 | H8: 56.2 | I8: 0 | J8: 0.572 | K8: 0.2073 | L8: 0.142 | M8: INS | O8: wfp-food-prices-for-niger | P8: ner-rainfall-subnational
B9: Sénégal | C9: SEN | D9: SEN | E9: 1 | F9: 49.6 | H9: 30.1 | I9: 1 | J9: 0.861 | K9: 0.2221 | L9: 0.148 | M9: ANSD | N9: https://www.ansd.sn | O9: wfp-food-prices-for-senegal | P9: sen-rainfall-subnational
B10: Togo | C10: TGO | D10: TGO | E10: 1 | F10: 32.9 | H10: 33.5 | I10: 2 | J10: 0.816 | K10: 0.3222 | L10: 0.152 | M10: INSEED | O10: wfp-food-prices-for-togo | P10: tgo-rainfall-subnational
B13: coastal : 1 = pays côtier, 0 = pays enclavé (Burkina Faso, Mali, Niger).
B14: food_weight : poids de l'alimentation dans l'IHPC, en % du panier, en vigueur lors de l'étude BCEAO (2023), tableau a2-1, p. 42. L'étude ne précise pas l'année de base.
B15: food_weight_2023 : poids en base 2023, à relever dans la dernière note IHPC de chaque institut. Seul le Burkina Faso est renseigné (INSD, note de février 2026 : 2 904 sur 10 000).
B16: import_share_cpi : part des produits importés dans tout le panier IHPC, en %. BCEAO (2023), graphique a2-4, p. 41.
B17: fuel_adj_freq : nombre moyen d'ajustements du prix de l'essence par an, 2019-2022. BCEAO (2023), tableau 8, p. 25.
B18: bceao_* : résultats de l'étude BCEAO (2023) servant de points de comparaison : élasticité de long terme du riz (tableau 1), effet sur l'inflation alimentaire (tableau 6) et totale (tableau 7).
B19: Sites des instituts : seuls quatre ont été relevés. Identifiants HDX : schéma vérifié pour le Burkina Faso (prix) et quatre pays (pluviométrie), déduit pour les autres.

Sheet Data
A2: Date | B2: iso3 | C2: country | D2: cpi_all | E2: cpi_food | F2: fao_food | G2: oil_usd | H2: usd_xof | I2: fao_cereals | J2: fao_oils | K2: fao_sugar | L2: fao_dairy | M2: fao_meat | N2: rice_thai | O2: wheat_hrw | P2: palm_oil | Q2: sugar_world | R2: maize | S2: eur_usd | T2: gscpi | U2: bceao_import_food | V2: import_food_idx | W2: cpi_all_alt | X2: cpi_food_alt | Y2: rain_anom | Z2: quality_flag | AA2: coastal | AB2: food_weight | AC2: import_share_cpi | AD2: local_agri_supply | AE2: import_dependency | AF2: food_imports_share | AG2: gdp_real | AH2: ihpc_base
A3: 2000-01 | B3: BEN | C3: Bénin | D3: =IF(BEN!B3="","",BEN!B3) | E3: =IF(BEN!C3="","",BEN!C3) | F3: =IF(Monde!B3="","",Monde!B3) | G3: =IF(Monde!H3="","",Monde!H3) | H3: =IF(Monde!O3="","",Monde!O3) | I3: =IF(Monde!C3="","",Monde!C3) | J3: =IF(Monde!D3="","",Monde!D3) | K3: =IF(Monde!E3="","",Monde!E3) | L3: =IF(Monde!F3="","",Monde!F3) | M3: =IF(Monde!G3="","",Monde!G3) | N3: =IF(Monde!I3="","",Monde!I3) | O3: =IF(Monde!J3="","",Monde!J3) | P3: =IF(Monde!K3="","",Monde!K3) | Q3: =IF(Monde!L3="","",Monde!L3) | R3: =IF(Monde!M3="","",Monde!M3) | S3: =IF(Monde!N3="","",Monde!N3) | T3: =IF(Monde!P3="","",Monde!P3) | U3: =IF(Monde!Q3="","",Monde!Q3) | V3: =IF(Monde!R3="","",Monde!R3) | W3: =IF(BEN!U3="","",BEN!U3) | X3: =IF(BEN!V3="","",BEN!V3) | Y3: =IF(BEN!W3="","",BEN!W3) | Z3: =IF(BEN!X3="","",BEN!X3) | AA3: =IF(Pays!$E$3="","",Pays!$E$3) -> 1 | AB3: =IF(Pays!$F$3="","",Pays!$F$3) -> 37.5 | AC3: =IF(Pays!$H$3="","",Pays!$H$3) -> 27.4 | AD3: =IF(Annuel!B3="","",Annuel!B3) | AE3: =IF(Annuel!J3="","",Annuel!J3) | AF3: =IF(Annuel!R3="","",Annuel!R3) | AG3: =IF(Annuel!Z3="","",Annuel!Z3) | AH3: =IF(A3>=Parametres!$C$6,"base 2023","avant 2025") -> avant 2025
A4: 2000-02 | B4: BEN | C4: Bénin | D4: =IF(BEN!B4="","",BEN!B4) | E4: =IF(BEN!C4="","",BEN!C4) | F4: =IF(Monde!B4="","",Monde!B4) | G4: =IF(Monde!H4="","",Monde!H4) | H4: =IF(Monde!O4="","",Monde!O4) | I4: =IF(Monde!C4="","",Monde!C4) | J4: =IF(Monde!D4="","",Monde!D4) | K4: =IF(Monde!E4="","",Monde!E4) | L4: =IF(Monde!F4="","",Monde!F4) | M4: =IF(Monde!G4="","",Monde!G4) | N4: =IF(Monde!I4="","",Monde!I4) | O4: =IF(Monde!J4="","",Monde!J4) | P4: =IF(Monde!K4="","",Monde!K4) | Q4: =IF(Monde!L4="","",Monde!L4) | R4: =IF(Monde!M4="","",Monde!M4) | S4: =IF(Monde!N4="","",Monde!N4) | T4: =IF(Monde!P4="","",Monde!P4) | U4: =IF(Monde!Q4="","",Monde!Q4) | V4: =IF(Monde!R4="","",Monde!R4) | W4: =IF(BEN!U4="","",BEN!U4) | X4: =IF(BEN!V4="","",BEN!V4) | Y4: =IF(BEN!W4="","",BEN!W4) | Z4: =IF(BEN!X4="","",BEN!X4) | AA4: =IF(Pays!$E$3="","",Pays!$E$3) -> 1 | AB4: =IF(Pays!$F$3="","",Pays!$F$3) -> 37.5 | AC4: =IF(Pays!$H$3="","",Pays!$H$3) -> 27.4 | AD4: =IF(Annuel!B3="","",Annuel!B3) | AE4: =IF(Annuel!J3="","",Annuel!J3) | AF4: =IF(Annuel!R3="","",Annuel!R3) | AG4: =IF(Annuel!Z3="","",Annuel!Z3) | AH4: =IF(A4>=Parametres!$C$6,"base 2023","avant 2025") -> avant 2025
A5: 2000-03 | B5: BEN | C5: Bénin | D5: =IF(BEN!B5="","",BEN!B5) | E5: =IF(BEN!C5="","",BEN!C5) | F5: =IF(Monde!B5="","",Monde!B5) | G5: =IF(Monde!H5="","",Monde!H5) | H5: =IF(Monde!O5="","",Monde!O5) | I5: =IF(Monde!C5="","",Monde!C5) | J5: =IF(Monde!D5="","",Monde!D5) | K5: =IF(Monde!E5="","",Monde!E5) | L5: =IF(Monde!F5="","",Monde!F5) | M5: =IF(Monde!G5="","",Monde!G5) | N5: =IF(Monde!I5="","",Monde!I5) | O5: =IF(Monde!J5="","",Monde!J5) | P5: =IF(Monde!K5="","",Monde!K5) | Q5: =IF(Monde!L5="","",Monde!L5) | R5: =IF(Monde!M5="","",Monde!M5) | S5: =IF(Monde!N5="","",Monde!N5) | T5: =IF(Monde!P5="","",Monde!P5) | U5: =IF(Monde!Q5="","",Monde!Q5) | V5: =IF(Monde!R5="","",Monde!R5) | W5: =IF(BEN!U5="","",BEN!U5) | X5: =IF(BEN!V5="","",BEN!V5) | Y5: =IF(BEN!W5="","",BEN!W5) | Z5: =IF(BEN!X5="","",BEN!X5) | AA5: =IF(Pays!$E$3="","",Pays!$E$3) -> 1 | AB5: =IF(Pays!$F$3="","",Pays!$F$3) -> 37.5 | AC5: =IF(Pays!$H$3="","",Pays!$H$3) -> 27.4 | AD5: =IF(Annuel!B3="","",Annuel!B3) | AE5: =IF(Annuel!J3="","",Annuel!J3) | AF5: =IF(Annuel!R3="","",Annuel!R3) | AG5: =IF(Annuel!Z3="","",Annuel!Z3) | AH5: =IF(A5>=Parametres!$C$6,"base 2023","avant 2025") -> avant 2025
A6: 2000-04 | B6: BEN | C6: Bénin | D6: =IF(BEN!B6="","",BEN!B6) | E6: =IF(BEN!C6="","",BEN!C6) | F6: =IF(Monde!B6="","",Monde!B6) | G6: =IF(Monde!H6="","",Monde!H6) | H6: =IF(Monde!O6="","",Monde!O6) | I6: =IF(Monde!C6="","",Monde!C6) | J6: =IF(Monde!D6="","",Monde!D6) | K6: =IF(Monde!E6="","",Monde!E6) | L6: =IF(Monde!F6="","",Monde!F6) | M6: =IF(Monde!G6="","",Monde!G6) | N6: =IF(Monde!I6="","",Monde!I6) | O6: =IF(Monde!J6="","",Monde!J6) | P6: =IF(Monde!K6="","",Monde!K6) | Q6: =IF(Monde!L6="","",Monde!L6) | R6: =IF(Monde!M6="","",Monde!M6) | S6: =IF(Monde!N6="","",Monde!N6) | T6: =IF(Monde!P6="","",Monde!P6) | U6: =IF(Monde!Q6="","",Monde!Q6) | V6: =IF(Monde!R6="","",Monde!R6) | W6: =IF(BEN!U6="","",BEN!U6) | X6: =IF(BEN!V6="","",BEN!V6) | Y6: =IF(BEN!W6="","",BEN!W6) | Z6: =IF(BEN!X6="","",BEN!X6) | AA6: =IF(Pays!$E$3="","",Pays!$E$3) -> 1 | AB6: =IF(Pays!$F$3="","",Pays!$F$3) -> 37.5 | AC6: =IF(Pays!$H$3="","",Pays!$H$3) -> 27.4 | AD6: =IF(Annuel!B3="","",Annuel!B3) | AE6: =IF(Annuel!J3="","",Annuel!J3) | AF6: =IF(Annuel!R3="","",Annuel!R3) | AG6: =IF(Annuel!Z3="","",Annuel!Z3) | AH6: =IF(A6>=Parametres!$C$6,"base 2023","avant 2025") -> avant 2025
A7: 2000-05 | B7: BEN | C7: Bénin | D7: =IF(BEN!B7="","",BEN!B7) | E7: =IF(BEN!C7="","",BEN!C7) | F7: =IF(Monde!B7="","",Monde!B7) | G7: =IF(Monde!H7="","",Monde!H7) | H7: =IF(Monde!O7="","",Monde!O7) | I7: =IF(Monde!C7="","",Monde!C7) | J7: =IF(Monde!D7="","",Monde!D7) | K7: =IF(Monde!E7="","",Monde!E7) | L7: =IF(Monde!F7="","",Monde!F7) | M7: =IF(Monde!G7="","",Monde!G7) | N7: =IF(Monde!I7="","",Monde!I7) | O7: =IF(Monde!J7="","",Monde!J7) | P7: =IF(Monde!K7="","",Monde!K7) | Q7: =IF(Monde!L7="","",Monde!L7) | R7: =IF(Monde!M7="","",Monde!M7) | S7: =IF(Monde!N7="","",Monde!N7) | T7: =IF(Monde!P7="","",Monde!P7) | U7: =IF(Monde!Q7="","",Monde!Q7) | V7: =IF(Monde!R7="","",Monde!R7) | W7: =IF(BEN!U7="","",BEN!U7) | X7: =IF(BEN!V7="","",BEN!V7) | Y7: =IF(BEN!W7="","",BEN!W7) | Z7: =IF(BEN!X7="","",BEN!X7) | AA7: =IF(Pays!$E$3="","",Pays!$E$3) -> 1 | AB7: =IF(Pays!$F$3="","",Pays!$F$3) -> 37.5 | AC7: =IF(Pays!$H$3="","",Pays!$H$3) -> 27.4 | AD7: =IF(Annuel!B3="","",Annuel!B3) | AE7: =IF(Annuel!J3="","",Annuel!J3) | AF7: =IF(Annuel!R3="","",Annuel!R3) | AG7: =IF(Annuel!Z3="","",Annuel!Z3) | AH7: =IF(A7>=Parametres!$C$6,"base 2023","avant 2025") -> avant 2025
A8: 2000-06 | B8: BEN | C8: Bénin | D8: =IF(BEN!B8="","",BEN!B8) | E8: =IF(BEN!C8="","",BEN!C8) | F8: =IF(Monde!B8="","",Monde!B8) | G8: =IF(Monde!H8="","",Monde!H8) | H8: =IF(Monde!O8="","",Monde!O8) | I8: =IF(Monde!C8="","",Monde!C8) | J8: =IF(Monde!D8="","",Monde!D8) | K8: =IF(Monde!E8="","",Monde!E8) | L8: =IF(Monde!F8="","",Monde!F8) | M8: =IF(Monde!G8="","",Monde!G8) | N8: =IF(Monde!I8="","",Monde!I8) | O8: =IF(Monde!J8="","",Monde!J8) | P8: =IF(Monde!K8="","",Monde!K8) | Q8: =IF(Monde!L8="","",Monde!L8) | R8: =IF(Monde!M8="","",Monde!M8) | S8: =IF(Monde!N8="","",Monde!N8) | T8: =IF(Monde!P8="","",Monde!P8) | U8: =IF(Monde!Q8="","",Monde!Q8) | V8: =IF(Monde!R8="","",Monde!R8) | W8: =IF(BEN!U8="","",BEN!U8) | X8: =IF(BEN!V8="","",BEN!V8) | Y8: =IF(BEN!W8="","",BEN!W8) | Z8: =IF(BEN!X8="","",BEN!X8) | AA8: =IF(Pays!$E$3="","",Pays!$E$3) -> 1 | AB8: =IF(Pays!$F$3="","",Pays!$F$3) -> 37.5 | AC8: =IF(Pays!$H$3="","",Pays!$H$3) -> 27.4 | AD8: =IF(Annuel!B3="","",Annuel!B3) | AE8: =IF(Annuel!J3="","",Annuel!J3) | AF8: =IF(Annuel!R3="","",Annuel!R3) | AG8: =IF(Annuel!Z3="","",Annuel!Z3) | AH8: =IF(A8>=Parametres!$C$6,"base 2023","avant 2025") -> avant 2025
A9: 2000-07 | B9: BEN | C9: Bénin | D9: =IF(BEN!B9="","",BEN!B9) | E9: =IF(BEN!C9="","",BEN!C9) | F9: =IF(Monde!B9="","",Monde!B9) | G9: =IF(Monde!H9="","",Monde!H9) | H9: =IF(Monde!O9="","",Monde!O9) | I9: =IF(Monde!C9="","",Monde!C9) | J9: =IF(Monde!D9="","",Monde!D9) | K9: =IF(Monde!E9="","",Monde!E9) | L9: =IF(Monde!F9="","",Monde!F9) | M9: =IF(Monde!G9="","",Monde!G9) | N9: =IF(Monde!I9="","",Monde!I9) | O9: =IF(Monde!J9="","",Monde!J9) | P9: =IF(Monde!K9="","",Monde!K9) | Q9: =IF(Monde!L9="","",Monde!L9) | R9: =IF(Monde!M9="","",Monde!M9) | S9: =IF(Monde!N9="","",Monde!N9) | T9: =IF(Monde!P9="","",Monde!P9) | U9: =IF(Monde!Q9="","",Monde!Q9) | V9: =IF(Monde!R9="","",Monde!R9) | W9: =IF(BEN!U9="","",BEN!U9) | X9: =IF(BEN!V9="","",BEN!V9) | Y9: =IF(BEN!W9="","",BEN!W9) | Z9: =IF(BEN!X9="","",BEN!X9) | AA9: =IF(Pays!$E$3="","",Pays!$E$3) -> 1 | AB9: =IF(Pays!$F$3="","",Pays!$F$3) -> 37.5 | AC9: =IF(Pays!$H$3="","",Pays!$H$3) -> 27.4 | AD9: =IF(Annuel!B3="","",Annuel!B3) | AE9: =IF(Annuel!J3="","",Annuel!J3) | AF9: =IF(Annuel!R3="","",Annuel!R3) | AG9: =IF(Annuel!Z3="","",Annuel!Z3) | AH9: =IF(A9>=Parametres!$C$6,"base 2023","avant 2025") -> avant 2025
A10: 2000-08 | B10: BEN | C10: Bénin | D10: =IF(BEN!B10="","",BEN!B10) | E10: =IF(BEN!C10="","",BEN!C10) | F10: =IF(Monde!B10="","",Monde!B10) | G10: =IF(Monde!H10="","",Monde!H10) | H10: =IF(Monde!O10="","",Monde!O10) | I10: =IF(Monde!C10="","",Monde!C10) | J10: =IF(Monde!D10="","",Monde!D10) | K10: =IF(Monde!E10="","",Monde!E10) | L10: =IF(Monde!F10="","",Monde!F10) | M10: =IF(Monde!G10="","",Monde!G10) | N10: =IF(Monde!I10="","",Monde!I10) | O10: =IF(Monde!J10="","",Monde!J10) | P10: =IF(Monde!K10="","",Monde!K10) | Q10: =IF(Monde!L10="","",Monde!L10) | R10: =IF(Monde!M10="","",Monde!M10) | S10: =IF(Monde!N10="","",Monde!N10) | T10: =IF(Monde!P10="","",Monde!P10) | U10: =IF(Monde!Q10="","",Monde!Q10) | V10: =IF(Monde!R10="","",Monde!R10) | W10: =IF(BEN!U10="","",BEN!U10) | X10: =IF(BEN!V10="","",BEN!V10) | Y10: =IF(BEN!W10="","",BEN!W10) | Z10: =IF(BEN!X10="","",BEN!X10) | AA10: =IF(Pays!$E$3="","",Pays!$E$3) -> 1 | AB10: =IF(Pays!$F$3="","",Pays!$F$3) -> 37.5 | AC10: =IF(Pays!$H$3="","",Pays!$H$3) -> 27.4 | AD10: =IF(Annuel!B3="","",Annuel!B3) | AE10: =IF(Annuel!J3="","",Annuel!J3) | AF10: =IF(Annuel!R3="","",Annuel!R3) | AG10: =IF(Annuel!Z3="","",Annuel!Z3) | AH10: =IF(A10>=Parametres!$C$6,"base 2023","avant 2025") -> avant 2025
A11: 2000-09 | B11: BEN | C11: Bénin | D11: =IF(BEN!B11="","",BEN!B11) | E11: =IF(BEN!C11="","",BEN!C11) | F11: =IF(Monde!B11="","",Monde!B11) | G11: =IF(Monde!H11="","",Monde!H11) | H11: =IF(Monde!O11="","",Monde!O11) | I11: =IF(Monde!C11="","",Monde!C11) | J11: =IF(Monde!D11="","",Monde!D11) | K11: =IF(Monde!E11="","",Monde!E11) | L11: =IF(Monde!F11="","",Monde!F11) | M11: =IF(Monde!G11="","",Monde!G11) | N11: =IF(Monde!I11="","",Monde!I11) | O11: =IF(Monde!J11="","",Monde!J11) | P11: =IF(Monde!K11="","",Monde!K11) | Q11: =IF(Monde!L11="","",Monde!L11) | R11: =IF(Monde!M11="","",Monde!M11) | S11: =IF(Monde!N11="","",Monde!N11) | T11: =IF(Monde!P11="","",Monde!P11) | U11: =IF(Monde!Q11="","",Monde!Q11) | V11: =IF(Monde!R11="","",Monde!R11) | W11: =IF(BEN!U11="","",BEN!U11) | X11: =IF(BEN!V11="","",BEN!V11) | Y11: =IF(BEN!W11="","",BEN!W11) | Z11: =IF(BEN!X11="","",BEN!X11) | AA11: =IF(Pays!$E$3="","",Pays!$E$3) -> 1 | AB11: =IF(Pays!$F$3="","",Pays!$F$3) -> 37.5 | AC11: =IF(Pays!$H$3="","",Pays!$H$3) -> 27.4 | AD11: =IF(Annuel!B3="","",Annuel!B3) | AE11: =IF(Annuel!J3="","",Annuel!J3) | AF11: =IF(Annuel!R3="","",Annuel!R3) | AG11: =IF(Annuel!Z3="","",Annuel!Z3) | AH11: =IF(A11>=Parametres!$C$6,"base 2023","avant 2025") -> avant 2025
A12: 2000-10 | B12: BEN | C12: Bénin | D12: =IF(BEN!B12="","",BEN!B12) | E12: =IF(BEN!C12="","",BEN!C12) | F12: =IF(Monde!B12="","",Monde!B12) | G12: =IF(Monde!H12="","",Monde!H12) | H12: =IF(Monde!O12="","",Monde!O12) | I12: =IF(Monde!C12="","",Monde!C12) | J12: =IF(Monde!D12="","",Monde!D12) | K12: =IF(Monde!E12="","",Monde!E12) | L12: =IF(Monde!F12="","",Monde!F12) | M12: =IF(Monde!G12="","",Monde!G12) | N12: =IF(Monde!I12="","",Monde!I12) | O12: =IF(Monde!J12="","",Monde!J12) | P12: =IF(Monde!K12="","",Monde!K12) | Q12: =IF(Monde!L12="","",Monde!L12) | R12: =IF(Monde!M12="","",Monde!M12) | S12: =IF(Monde!N12="","",Monde!N12) | T12: =IF(Monde!P12="","",Monde!P12) | U12: =IF(Monde!Q12="","",Monde!Q12) | V12: =IF(Monde!R12="","",Monde!R12) | W12: =IF(BEN!U12="","",BEN!U12) | X12: =IF(BEN!V12="","",BEN!V12) | Y12: =IF(BEN!W12="","",BEN!W12) | Z12: =IF(BEN!X12="","",BEN!X12) | AA12: =IF(Pays!$E$3="","",Pays!$E$3) -> 1 | AB12: =IF(Pays!$F$3="","",Pays!$F$3) -> 37.5 | AC12: =IF(Pays!$H$3="","",Pays!$H$3) -> 27.4 | AD12: =IF(Annuel!B3="","",Annuel!B3) | AE12: =IF(Annuel!J3="","",Annuel!J3) | AF12: =IF(Annuel!R3="","",Annuel!R3) | AG12: =IF(Annuel!Z3="","",Annuel!Z3) | AH12: =IF(A12>=Parametres!$C$6,"base 2023","avant 2025") -> avant 2025
A13: 2000-11 | B13: BEN | C13: Bénin | D13: =IF(BEN!B13="","",BEN!B13) | E13: =IF(BEN!C13="","",BEN!C13) | F13: =IF(Monde!B13="","",Monde!B13) | G13: =IF(Monde!H13="","",Monde!H13) | H13: =IF(Monde!O13="","",Monde!O13) | I13: =IF(Monde!C13="","",Monde!C13) | J13: =IF(Monde!D13="","",Monde!D13) | K13: =IF(Monde!E13="","",Monde!E13) | L13: =IF(Monde!F13="","",Monde!F13) | M13: =IF(Monde!G13="","",Monde!G13) | N13: =IF(Monde!I13="","",Monde!I13) | O13: =IF(Monde!J13="","",Monde!J13) | P13: =IF(Monde!K13="","",Monde!K13) | Q13: =IF(Monde!L13="","",Monde!L13) | R13: =IF(Monde!M13="","",Monde!M13) | S13: =IF(Monde!N13="","",Monde!N13) | T13: =IF(Monde!P13="","",Monde!P13) | U13: =IF(Monde!Q13="","",Monde!Q13) | V13: =IF(Monde!R13="","",Monde!R13) | W13: =IF(BEN!U13="","",BEN!U13) | X13: =IF(BEN!V13="","",BEN!V13) | Y13: =IF(BEN!W13="","",BEN!W13) | Z13: =IF(BEN!X13="","",BEN!X13) | AA13: =IF(Pays!$E$3="","",Pays!$E$3) -> 1 | AB13: =IF(Pays!$F$3="","",Pays!$F$3) -> 37.5 | AC13: =IF(Pays!$H$3="","",Pays!$H$3) -> 27.4 | AD13: =IF(Annuel!B3="","",Annuel!B3) | AE13: =IF(Annuel!J3="","",Annuel!J3) | AF13: =IF(Annuel!R3="","",Annuel!R3) | AG13: =IF(Annuel!Z3="","",Annuel!Z3) | AH13: =IF(A13>=Parametres!$C$6,"base 2023","avant 2025") -> avant 2025
A14: 2000-12 | B14: BEN | C14: Bénin | D14: =IF(BEN!B14="","",BEN!B14) | E14: =IF(BEN!C14="","",BEN!C14) | F14: =IF(Monde!B14="","",Monde!B14) | G14: =IF(Monde!H14="","",Monde!H14) | H14: =IF(Monde!O14="","",Monde!O14) | I14: =IF(Monde!C14="","",Monde!C14) | J14: =IF(Monde!D14="","",Monde!D14) | K14: =IF(Monde!E14="","",Monde!E14) | L14: =IF(Monde!F14="","",Monde!F14) | M14: =IF(Monde!G14="","",Monde!G14) | N14: =IF(Monde!I14="","",Monde!I14) | O14: =IF(Monde!J14="","",Monde!J14) | P14: =IF(Monde!K14="","",Monde!K14) | Q14: =IF(Monde!L14="","",Monde!L14) | R14: =IF(Monde!M14="","",Monde!M14) | S14: =IF(Monde!N14="","",Monde!N14) | T14: =IF(Monde!P14="","",Monde!P14) | U14: =IF(Monde!Q14="","",Monde!Q14) | V14: =IF(Monde!R14="","",Monde!R14) | W14: =IF(BEN!U14="","",BEN!U14) | X14: =IF(BEN!V14="","",BEN!V14) | Y14: =IF(BEN!W14="","",BEN!W14) | Z14: =IF(BEN!X14="","",BEN!X14) | AA14: =IF(Pays!$E$3="","",Pays!$E$3) -> 1 | AB14: =IF(Pays!$F$3="","",Pays!$F$3) -> 37.5 | AC14: =IF(Pays!$H$3="","",Pays!$H$3) -> 27.4 | AD14: =IF(Annuel!B3="","",Annuel!B3) | AE14: =IF(Annuel!J3="","",Annuel!J3) | AF14: =IF(Annuel!R3="","",Annuel!R3) | AG14: =IF(Annuel!Z3="","",Annuel!Z3) | AH14: =IF(A14>=Parametres!$C$6,"base 2023","avant 2025") -> avant 2025
A15: 2001-01 | B15: BEN | C15: Bénin | D15: =IF(BEN!B15="","",BEN!B15) | E15: =IF(BEN!C15="","",BEN!C15) | F15: =IF(Monde!B15="","",Monde!B15) | G15: =IF(Monde!H15="","",Monde!H15) | H15: =IF(Monde!O15="","",Monde!O15) | I15: =IF(Monde!C15="","",Monde!C15) | J15: =IF(Monde!D15="","",Monde!D15) | K15: =IF(Monde!E15="","",Monde!E15) | L15: =IF(Monde!F15="","",Monde!F15) | M15: =IF(Monde!G15="","",Monde!G15) | N15: =IF(Monde!I15="","",Monde!I15) | O15: =IF(Monde!J15="","",Monde!J15) | P15: =IF(Monde!K15="","",Monde!K15) | Q15: =IF(Monde!L15="","",Monde!L15) | R15: =IF(Monde!M15="","",Monde!M15) | S15: =IF(Monde!N15="","",Monde!N15) | T15: =IF(Monde!P15="","",Monde!P15) | U15: =IF(Monde!Q15="","",Monde!Q15) | V15: =IF(Monde!R15="","",Monde!R15) | W15: =IF(BEN!U15="","",BEN!U15) | X15: =IF(BEN!V15="","",BEN!V15) | Y15: =IF(BEN!W15="","",BEN!W15) | Z15: =IF(BEN!X15="","",BEN!X15) | AA15: =IF(Pays!$E$3="","",Pays!$E$3) -> 1 | AB15: =IF(Pays!$F$3="","",Pays!$F$3) -> 37.5 | AC15: =IF(Pays!$H$3="","",Pays!$H$3) -> 27.4 | AD15: =IF(Annuel!B4="","",Annuel!B4) | AE15: =IF(Annuel!J4="","",Annuel!J4) | AF15: =IF(Annuel!R4="","",Annuel!R4) | AG15: =IF(Annuel!Z4="","",Annuel!Z4) | AH15: =IF(A15>=Parametres!$C$6,"base 2023","avant 2025") -> avant 2025
A16: 2001-02 | B16: BEN | C16: Bénin | D16: =IF(BEN!B16="","",BEN!B16) | E16: =IF(BEN!C16="","",BEN!C16) | F16: =IF(Monde!B16="","",Monde!B16) | G16: =IF(Monde!H16="","",Monde!H16) | H16: =IF(Monde!O16="","",Monde!O16) | I16: =IF(Monde!C16="","",Monde!C16) | J16: =IF(Monde!D16="","",Monde!D16) | K16: =IF(Monde!E16="","",Monde!E16) | L16: =IF(Monde!F16="","",Monde!F16) | M16: =IF(Monde!G16="","",Monde!G16) | N16: =IF(Monde!I16="","",Monde!I16) | O16: =IF(Monde!J16="","",Monde!J16) | P16: =IF(Monde!K16="","",Monde!K16) | Q16: =IF(Monde!L16="","",Monde!L16) | R16: =IF(Monde!M16="","",Monde!M16) | S16: =IF(Monde!N16="","",Monde!N16) | T16: =IF(Monde!P16="","",Monde!P16) | U16: =IF(Monde!Q16="","",Monde!Q16) | V16: =IF(Monde!R16="","",Monde!R16) | W16: =IF(BEN!U16="","",BEN!U16) | X16: =IF(BEN!V16="","",BEN!V16) | Y16: =IF(BEN!W16="","",BEN!W16) | Z16: =IF(BEN!X16="","",BEN!X16) | AA16: =IF(Pays!$E$3="","",Pays!$E$3) -> 1 | AB16: =IF(Pays!$F$3="","",Pays!$F$3) -> 37.5 | AC16: =IF(Pays!$H$3="","",Pays!$H$3) -> 27.4 | AD16: =IF(Annuel!B4="","",Annuel!B4) | AE16: =IF(Annuel!J4="","",Annuel!J4) | AF16: =IF(Annuel!R4="","",Annuel!R4) | AG16: =IF(Annuel!Z4="","",Annuel!Z4) | AH16: =IF(A16>=Parametres!$C$6,"base 2023","avant 2025") -> avant 2025
A17: 2001-03 | B17: BEN | C17: Bénin | D17: =IF(BEN!B17="","",BEN!B17) | E17: =IF(BEN!C17="","",BEN!C17) | F17: =IF(Monde!B17="","",Monde!B17) | G17: =IF(Monde!H17="","",Monde!H17) | H17: =IF(Monde!O17="","",Monde!O17) | I17: =IF(Monde!C17="","",Monde!C17) | J17: =IF(Monde!D17="","",Monde!D17) | K17: =IF(Monde!E17="","",Monde!E17) | L17: =IF(Monde!F17="","",Monde!F17) | M17: =IF(Monde!G17="","",Monde!G17) | N17: =IF(Monde!I17="","",Monde!I17) | O17: =IF(Monde!J17="","",Monde!J17) | P17: =IF(Monde!K17="","",Monde!K17) | Q17: =IF(Monde!L17="","",Monde!L17) | R17: =IF(Monde!M17="","",Monde!M17) | S17: =IF(Monde!N17="","",Monde!N17) | T17: =IF(Monde!P17="","",Monde!P17) | U17: =IF(Monde!Q17="","",Monde!Q17) | V17: =IF(Monde!R17="","",Monde!R17) | W17: =IF(BEN!U17="","",BEN!U17) | X17: =IF(BEN!V17="","",BEN!V17) | Y17: =IF(BEN!W17="","",BEN!W17) | Z17: =IF(BEN!X17="","",BEN!X17) | AA17: =IF(Pays!$E$3="","",Pays!$E$3) -> 1 | AB17: =IF(Pays!$F$3="","",Pays!$F$3) -> 37.5 | AC17: =IF(Pays!$H$3="","",Pays!$H$3) -> 27.4 | AD17: =IF(Annuel!B4="","",Annuel!B4) | AE17: =IF(Annuel!J4="","",Annuel!J4) | AF17: =IF(Annuel!R4="","",Annuel!R4) | AG17: =IF(Annuel!Z4="","",Annuel!Z4) | AH17: =IF(A17>=Parametres!$C$6,"base 2023","avant 2025") -> avant 2025
A18: 2001-04 | B18: BEN | C18: Bénin | D18: =IF(BEN!B18="","",BEN!B18) | E18: =IF(BEN!C18="","",BEN!C18) | F18: =IF(Monde!B18="","",Monde!B18) | G18: =IF(Monde!H18="","",Monde!H18) | H18: =IF(Monde!O18="","",Monde!O18) | I18: =IF(Monde!C18="","",Monde!C18) | J18: =IF(Monde!D18="","",Monde!D18) | K18: =IF(Monde!E18="","",Monde!E18) | L18: =IF(Monde!F18="","",Monde!F18) | M18: =IF(Monde!G18="","",Monde!G18) | N18: =IF(Monde!I18="","",Monde!I18) | O18: =IF(Monde!J18="","",Monde!J18) | P18: =IF(Monde!K18="","",Monde!K18) | Q18: =IF(Monde!L18="","",Monde!L18) | R18: =IF(Monde!M18="","",Monde!M18) | S18: =IF(Monde!N18="","",Monde!N18) | T18: =IF(Monde!P18="","",Monde!P18) | U18: =IF(Monde!Q18="","",Monde!Q18) | V18: =IF(Monde!R18="","",Monde!R18) | W18: =IF(BEN!U18="","",BEN!U18) | X18: =IF(BEN!V18="","",BEN!V18) | Y18: =IF(BEN!W18="","",BEN!W18) | Z18: =IF(BEN!X18="","",BEN!X18) | AA18: =IF(Pays!$E$3="","",Pays!$E$3) -> 1 | AB18: =IF(Pays!$F$3="","",Pays!$F$3) -> 37.5 | AC18: =IF(Pays!$H$3="","",Pays!$H$3) -> 27.4 | AD18: =IF(Annuel!B4="","",Annuel!B4) | AE18: =IF(Annuel!J4="","",Annuel!J4) | AF18: =IF(Annuel!R4="","",Annuel!R4) | AG18: =IF(Annuel!Z4="","",Annuel!Z4) | AH18: =IF(A18>=Parametres!$C$6,"base 2023","avant 2025") -> avant 2025
A19: 2001-05 | B19: BEN | C19: Bénin | D19: =IF(BEN!B19="","",BEN!B19) | E19: =IF(BEN!C19="","",BEN!C19) | F19: =IF(Monde!B19="","",Monde!B19) | G19: =IF(Monde!H19="","",Monde!H19) | H19: =IF(Monde!O19="","",Monde!O19) | I19: =IF(Monde!C19="","",Monde!C19) | J19: =IF(Monde!D19="","",Monde!D19) | K19: =IF(Monde!E19="","",Monde!E19) | L19: =IF(Monde!F19="","",Monde!F19) | M19: =IF(Monde!G19="","",Monde!G19) | N19: =IF(Monde!I19="","",Monde!I19) | O19: =IF(Monde!J19="","",Monde!J19) | P19: =IF(Monde!K19="","",Monde!K19) | Q19: =IF(Monde!L19="","",Monde!L19) | R19: =IF(Monde!M19="","",Monde!M19) | S19: =IF(Monde!N19="","",Monde!N19) | T19: =IF(Monde!P19="","",Monde!P19) | U19: =IF(Monde!Q19="","",Monde!Q19) | V19: =IF(Monde!R19="","",Monde!R19) | W19: =IF(BEN!U19="","",BEN!U19) | X19: =IF(BEN!V19="","",BEN!V19) | Y19: =IF(BEN!W19="","",BEN!W19) | Z19: =IF(BEN!X19="","",BEN!X19) | AA19: =IF(Pays!$E$3="","",Pays!$E$3) -> 1 | AB19: =IF(Pays!$F$3="","",Pays!$F$3) -> 37.5 | AC19: =IF(Pays!$H$3="","",Pays!$H$3) -> 27.4 | AD19: =IF(Annuel!B4="","",Annuel!B4) | AE19: =IF(Annuel!J4="","",Annuel!J4) | AF19: =IF(Annuel!R4="","",Annuel!R4) | AG19: =IF(Annuel!Z4="","",Annuel!Z4) | AH19: =IF(A19>=Parametres!$C$6,"base 2023","avant 2025") -> avant 2025
A20: 2001-06 | B20: BEN | C20: Bénin | D20: =IF(BEN!B20="","",BEN!B20) | E20: =IF(BEN!C20="","",BEN!C20) | F20: =IF(Monde!B20="","",Monde!B20) | G20: =IF(Monde!H20="","",Monde!H20) | H20: =IF(Monde!O20="","",Monde!O20) | I20: =IF(Monde!C20="","",Monde!C20) | J20: =IF(Monde!D20="","",Monde!D20) | K20: =IF(Monde!E20="","",Monde!E20) | L20: =IF(Monde!F20="","",Monde!F20) | M20: =IF(Monde!G20="","",Monde!G20) | N20: =IF(Monde!I20="","",Monde!I20) | O20: =IF(Monde!J20="","",Monde!J20) | P20: =IF(Monde!K20="","",Monde!K20) | Q20: =IF(Monde!L20="","",Monde!L20) | R20: =IF(Monde!M20="","",Monde!M20) | S20: =IF(Monde!N20="","",Monde!N20) | T20: =IF(Monde!P20="","",Monde!P20) | U20: =IF(Monde!Q20="","",Monde!Q20) | V20: =IF(Monde!R20="","",Monde!R20) | W20: =IF(BEN!U20="","",BEN!U20) | X20: =IF(BEN!V20="","",BEN!V20) | Y20: =IF(BEN!W20="","",BEN!W20) | Z20: =IF(BEN!X20="","",BEN!X20) | AA20: =IF(Pays!$E$3="","",Pays!$E$3) -> 1 | AB20: =IF(Pays!$F$3="","",Pays!$F$3) -> 37.5 | AC20: =IF(Pays!$H$3="","",Pays!$H$3) -> 27.4 | AD20: =IF(Annuel!B4="","",Annuel!B4) | AE20: =IF(Annuel!J4="","",Annuel!J4) | AF20: =IF(Annuel!R4="","",Annuel!R4) | AG20: =IF(Annuel!Z4="","",Annuel!Z4) | AH20: =IF(A20>=Parametres!$C$6,"base 2023","avant 2025") -> avant 2025
A21: 2001-07 | B21: BEN | C21: Bénin | D21: =IF(BEN!B21="","",BEN!B21) | E21: =IF(BEN!C21="","",BEN!C21) | F21: =IF(Monde!B21="","",Monde!B21) | G21: =IF(Monde!H21="","",Monde!H21) | H21: =IF(Monde!O21="","",Monde!O21) | I21: =IF(Monde!C21="","",Monde!C21) | J21: =IF(Monde!D21="","",Monde!D21) | K21: =IF(Monde!E21="","",Monde!E21) | L21: =IF(Monde!F21="","",Monde!F21) | M21: =IF(Monde!G21="","",Monde!G21) | N21: =IF(Monde!I21="","",Monde!I21) | O21: =IF(Monde!J21="","",Monde!J21) | P21: =IF(Monde!K21="","",Monde!K21) | Q21: =IF(Monde!L21="","",Monde!L21) | R21: =IF(Monde!M21="","",Monde!M21) | S21: =IF(Monde!N21="","",Monde!N21) | T21: =IF(Monde!P21="","",Monde!P21) | U21: =IF(Monde!Q21="","",Monde!Q21) | V21: =IF(Monde!R21="","",Monde!R21) | W21: =IF(BEN!U21="","",BEN!U21) | X21: =IF(BEN!V21="","",BEN!V21) | Y21: =IF(BEN!W21="","",BEN!W21) | Z21: =IF(BEN!X21="","",BEN!X21) | AA21: =IF(Pays!$E$3="","",Pays!$E$3) -> 1 | AB21: =IF(Pays!$F$3="","",Pays!$F$3) -> 37.5 | AC21: =IF(Pays!$H$3="","",Pays!$H$3) -> 27.4 | AD21: =IF(Annuel!B4="","",Annuel!B4) | AE21: =IF(Annuel!J4="","",Annuel!J4) | AF21: =IF(Annuel!R4="","",Annuel!R4) | AG21: =IF(Annuel!Z4="","",Annuel!Z4) | AH21: =IF(A21>=Parametres!$C$6,"base 2023","avant 2025") -> avant 2025
A22: 2001-08 | B22: BEN | C22: Bénin | D22: =IF(BEN!B22="","",BEN!B22) | E22: =IF(BEN!C22="","",BEN!C22) | F22: =IF(Monde!B22="","",Monde!B22) | G22: =IF(Monde!H22="","",Monde!H22) | H22: =IF(Monde!O22="","",Monde!O22) | I22: =IF(Monde!C22="","",Monde!C22) | J22: =IF(Monde!D22="","",Monde!D22) | K22: =IF(Monde!E22="","",Monde!E22) | L22: =IF(Monde!F22="","",Monde!F22) | M22: =IF(Monde!G22="","",Monde!G22) | N22: =IF(Monde!I22="","",Monde!I22) | O22: =IF(Monde!J22="","",Monde!J22) | P22: =IF(Monde!K22="","",Monde!K22) | Q22: =IF(Monde!L22="","",Monde!L22) | R22: =IF(Monde!M22="","",Monde!M22) | S22: =IF(Monde!N22="","",Monde!N22) | T22: =IF(Monde!P22="","",Monde!P22) | U22: =IF(Monde!Q22="","",Monde!Q22) | V22: =IF(Monde!R22="","",Monde!R22) | W22: =IF(BEN!U22="","",BEN!U22) | X22: =IF(BEN!V22="","",BEN!V22) | Y22: =IF(BEN!W22="","",BEN!W22) | Z22: =IF(BEN!X22="","",BEN!X22) | AA22: =IF(Pays!$E$3="","",Pays!$E$3) -> 1 | AB22: =IF(Pays!$F$3="","",Pays!$F$3) -> 37.5 | AC22: =IF(Pays!$H$3="","",Pays!$H$3) -> 27.4 | AD22: =IF(Annuel!B4="","",Annuel!B4) | AE22: =IF(Annuel!J4="","",Annuel!J4) | AF22: =IF(Annuel!R4="","",Annuel!R4) | AG22: =IF(Annuel!Z4="","",Annuel!Z4) | AH22: =IF(A22>=Parametres!$C$6,"base 2023","avant 2025") -> avant 2025
A23: 2001-09 | B23: BEN | C23: Bénin | D23: =IF(BEN!B23="","",BEN!B23) | E23: =IF(BEN!C23="","",BEN!C23) | F23: =IF(Monde!B23="","",Monde!B23) | G23: =IF(Monde!H23="","",Monde!H23) | H23: =IF(Monde!O23="","",Monde!O23) | I23: =IF(Monde!C23="","",Monde!C23) | J23: =IF(Monde!D23="","",Monde!D23) | K23: =IF(Monde!E23="","",Monde!E23) | L23: =IF(Monde!F23="","",Monde!F23) | M23: =IF(Monde!G23="","",Monde!G23) | N23: =IF(Monde!I23="","",Monde!I23) | O23: =IF(Monde!J23="","",Monde!J23) | P23: =IF(Monde!K23="","",Monde!K23) | Q23: =IF(Monde!L23="","",Monde!L23) | R23: =IF(Monde!M23="","",Monde!M23) | S23: =IF(Monde!N23="","",Monde!N23) | T23: =IF(Monde!P23="","",Monde!P23) | U23: =IF(Monde!Q23="","",Monde!Q23) | V23: =IF(Monde!R23="","",Monde!R23) | W23: =IF(BEN!U23="","",BEN!U23) | X23: =IF(BEN!V23="","",BEN!V23) | Y23: =IF(BEN!W23="","",BEN!W23) | Z23: =IF(BEN!X23="","",BEN!X23) | AA23: =IF(Pays!$E$3="","",Pays!$E$3) -> 1 | AB23: =IF(Pays!$F$3="","",Pays!$F$3) -> 37.5 | AC23: =IF(Pays!$H$3="","",Pays!$H$3) -> 27.4 | AD23: =IF(Annuel!B4="","",Annuel!B4) | AE23: =IF(Annuel!J4="","",Annuel!J4) | AF23: =IF(Annuel!R4="","",Annuel!R4) | AG23: =IF(Annuel!Z4="","",Annuel!Z4) | AH23: =IF(A23>=Parametres!$C$6,"base 2023","avant 2025") -> avant 2025
A24: 2001-10 | B24: BEN | C24: Bénin | D24: =IF(BEN!B24="","",BEN!B24) | E24: =IF(BEN!C24="","",BEN!C24) | F24: =IF(Monde!B24="","",Monde!B24) | G24: =IF(Monde!H24="","",Monde!H24) | H24: =IF(Monde!O24="","",Monde!O24) | I24: =IF(Monde!C24="","",Monde!C24) | J24: =IF(Monde!D24="","",Monde!D24) | K24: =IF(Monde!E24="","",Monde!E24) | L24: =IF(Monde!F24="","",Monde!F24) | M24: =IF(Monde!G24="","",Monde!G24) | N24: =IF(Monde!I24="","",Monde!I24) | O24: =IF(Monde!J24="","",Monde!J24) | P24: =IF(Monde!K24="","",Monde!K24) | Q24: =IF(Monde!L24="","",Monde!L24) | R24: =IF(Monde!M24="","",Monde!M24) | S24: =IF(Monde!N24="","",Monde!N24) | T24: =IF(Monde!P24="","",Monde!P24) | U24: =IF(Monde!Q24="","",Monde!Q24) | V24: =IF(Monde!R24="","",Monde!R24) | W24: =IF(BEN!U24="","",BEN!U24) | X24: =IF(BEN!V24="","",BEN!V24) | Y24: =IF(BEN!W24="","",BEN!W24) | Z24: =IF(BEN!X24="","",BEN!X24) | AA24: =IF(Pays!$E$3="","",Pays!$E$3) -> 1 | AB24: =IF(Pays!$F$3="","",Pays!$F$3) -> 37.5 | AC24: =IF(Pays!$H$3="","",Pays!$H$3) -> 27.4 | AD24: =IF(Annuel!B4="","",Annuel!B4) | AE24: =IF(Annuel!J4="","",Annuel!J4) | AF24: =IF(Annuel!R4="","",Annuel!R4) | AG24: =IF(Annuel!Z4="","",Annuel!Z4) | AH24: =IF(A24>=Parametres!$C$6,"base 2023","avant 2025") -> avant 2025
A25: 2001-11 | B25: BEN | C25: Bénin | D25: =IF(BEN!B25="","",BEN!B25) | E25: =IF(BEN!C25="","",BEN!C25) | F25: =IF(Monde!B25="","",Monde!B25) | G25: =IF(Monde!H25="","",Monde!H25) | H25: =IF(Monde!O25="","",Monde!O25) | I25: =IF(Monde!C25="","",Monde!C25) | J25: =IF(Monde!D25="","",Monde!D25) | K25: =IF(Monde!E25="","",Monde!E25) | L25: =IF(Monde!F25="","",Monde!F25) | M25: =IF(Monde!G25="","",Monde!G25) | N25: =IF(Monde!I25="","",Monde!I25) | O25: =IF(Monde!J25="","",Monde!J25) | P25: =IF(Monde!K25="","",Monde!K25) | Q25: =IF(Monde!L25="","",Monde!L25) | R25: =IF(Monde!M25="","",Monde!M25) | S25: =IF(Monde!N25="","",Monde!N25) | T25: =IF(Monde!P25="","",Monde!P25) | U25: =IF(Monde!Q25="","",Monde!Q25) | V25: =IF(Monde!R25="","",Monde!R25) | W25: =IF(BEN!U25="","",BEN!U25) | X25: =IF(BEN!V25="","",BEN!V25) | Y25: =IF(BEN!W25="","",BEN!W25) | Z25: =IF(BEN!X25="","",BEN!X25) | AA25: =IF(Pays!$E$3="","",Pays!$E$3) -> 1 | AB25: =IF(Pays!$F$3="","",Pays!$F$3) -> 37.5 | AC25: =IF(Pays!$H$3="","",Pays!$H$3) -> 27.4 | AD25: =IF(Annuel!B4="","",Annuel!B4) | AE25: =IF(Annuel!J4="","",Annuel!J4) | AF25: =IF(Annuel!R4="","",Annuel!R4) | AG25: =IF(Annuel!Z4="","",Annuel!Z4) | AH25: =IF(A25>=Parametres!$C$6,"base 2023","avant 2025") -> avant 2025
A26: 2001-12 | B26: BEN | C26: Bénin | D26: =IF(BEN!B26="","",BEN!B26) | E26: =IF(BEN!C26="","",BEN!C26) | F26: =IF(Monde!B26="","",Monde!B26) | G26: =IF(Monde!H26="","",Monde!H26) | H26: =IF(Monde!O26="","",Monde!O26) | I26: =IF(Monde!C26="","",Monde!C26) | J26: =IF(Monde!D26="","",Monde!D26) | K26: =IF(Monde!E26="","",Monde!E26) | L26: =IF(Monde!F26="","",Monde!F26) | M26: =IF(Monde!G26="","",Monde!G26) | N26: =IF(Monde!I26="","",Monde!I26) | O26: =IF(Monde!J26="","",Monde!J26) | P26: =IF(Monde!K26="","",Monde!K26) | Q26: =IF(Monde!L26="","",Monde!L26) | R26: =IF(Monde!M26="","",Monde!M26) | S26: =IF(Monde!N26="","",Monde!N26) | T26: =IF(Monde!P26="","",Monde!P26) | U26: =IF(Monde!Q26="","",Monde!Q26) | V26: =IF(Monde!R26="","",Monde!R26) | W26: =IF(BEN!U26="","",BEN!U26) | X26: =IF(BEN!V26="","",BEN!V26) | Y26: =IF(BEN!W26="","",BEN!W26) | Z26: =IF(BEN!X26="","",BEN!X26) | AA26: =IF(Pays!$E$3="","",Pays!$E$3) -> 1 | AB26: =IF(Pays!$F$3="","",Pays!$F$3) -> 37.5 | AC26: =IF(Pays!$H$3="","",Pays!$H$3) -> 27.4 | AD26: =IF(Annuel!B4="","",Annuel!B4) | AE26: =IF(Annuel!J4="","",Annuel!J4) | AF26: =IF(Annuel!R4="","",Annuel!R4) | AG26: =IF(Annuel!Z4="","",Annuel!Z4) | AH26: =IF(A26>=Parametres!$C$6,"base 2023","avant 2025") -> avant 2025
A27: 2002-01 | B27: BEN | C27: Bénin | D27: =IF(BEN!B27="","",BEN!B27) | E27: =IF(BEN!C27="","",BEN!C27) | F27: =IF(Monde!B27="","",Monde!B27) | G27: =IF(Monde!H27="","",Monde!H27) | H27: =IF(Monde!O27="","",Monde!O27) | I27: =IF(Monde!C27="","",Monde!C27) | J27: =IF(Monde!D27="","",Monde!D27) | K27: =IF(Monde!E27="","",Monde!E27) | L27: =IF(Monde!F27="","",Monde!F27) | M27: =IF(Monde!G27="","",Monde!G27) | N27: =IF(Monde!I27="","",Monde!I27) | O27: =IF(Monde!J27="","",Monde!J27) | P27: =IF(Monde!K27="","",Monde!K27) | Q27: =IF(Monde!L27="","",Monde!L27) | R27: =IF(Monde!M27="","",Monde!M27) | S27: =IF(Monde!N27="","",Monde!N27) | T27: =IF(Monde!P27="","",Monde!P27) | U27: =IF(Monde!Q27="","",Monde!Q27) | V27: =IF(Monde!R27="","",Monde!R27) | W27: =IF(BEN!U27="","",BEN!U27) | X27: =IF(BEN!V27="","",BEN!V27) | Y27: =IF(BEN!W27="","",BEN!W27) | Z27: =IF(BEN!X27="","",BEN!X27) | AA27: =IF(Pays!$E$3="","",Pays!$E$3) -> 1 | AB27: =IF(Pays!$F$3="","",Pays!$F$3) -> 37.5 | AC27: =IF(Pays!$H$3="","",Pays!$H$3) -> 27.4 | AD27: =IF(Annuel!B5="","",Annuel!B5) | AE27: =IF(Annuel!J5="","",Annuel!J5) | AF27: =IF(Annuel!R5="","",Annuel!R5) | AG27: =IF(Annuel!Z5="","",Annuel!Z5) | AH27: =IF(A27>=Parametres!$C$6,"base 2023","avant 2025") -> avant 2025
A28: 2002-02 | B28: BEN | C28: Bénin | D28: =IF(BEN!B28="","",BEN!B28) | E28: =IF(BEN!C28="","",BEN!C28) | F28: =IF(Monde!B28="","",Monde!B28) | G28: =IF(Monde!H28="","",Monde!H28) | H28: =IF(Monde!O28="","",Monde!O28) | I28: =IF(Monde!C28="","",Monde!C28) | J28: =IF(Monde!D28="","",Monde!D28) | K28: =IF(Monde!E28="","",Monde!E28) | L28: =IF(Monde!F28="","",Monde!F28) | M28: =IF(Monde!G28="","",Monde!G28) | N28: =IF(Monde!I28="","",Monde!I28) | O28: =IF(Monde!J28="","",Monde!J28) | P28: =IF(Monde!K28="","",Monde!K28) | Q28: =IF(Monde!L28="","",Monde!L28) | R28: =IF(Monde!M28="","",Monde!M28) | S28: =IF(Monde!N28="","",Monde!N28) | T28: =IF(Monde!P28="","",Monde!P28) | U28: =IF(Monde!Q28="","",Monde!Q28) | V28: =IF(Monde!R28="","",Monde!R28) | W28: =IF(BEN!U28="","",BEN!U28) | X28: =IF(BEN!V28="","",BEN!V28) | Y28: =IF(BEN!W28="","",BEN!W28) | Z28: =IF(BEN!X28="","",BEN!X28) | AA28: =IF(Pays!$E$3="","",Pays!$E$3) -> 1 | AB28: =IF(Pays!$F$3="","",Pays!$F$3) -> 37.5 | AC28: =IF(Pays!$H$3="","",Pays!$H$3) -> 27.4 | AD28: =IF(Annuel!B5="","",Annuel!B5) | AE28: =IF(Annuel!J5="","",Annuel!J5) | AF28: =IF(Annuel!R5="","",Annuel!R5) | AG28: =IF(Annuel!Z5="","",Annuel!Z5) | AH28: =IF(A28>=Parametres!$C$6,"base 2023","avant 2025") -> avant 2025
A29: 2002-03 | B29: BEN | C29: Bénin | D29: =IF(BEN!B29="","",BEN!B29) | E29: =IF(BEN!C29="","",BEN!C29) | F29: =IF(Monde!B29="","",Monde!B29) | G29: =IF(Monde!H29="","",Monde!H29) | H29: =IF(Monde!O29="","",Monde!O29) | I29: =IF(Monde!C29="","",Monde!C29) | J29: =IF(Monde!D29="","",Monde!D29) | K29: =IF(Monde!E29="","",Monde!E29) | L29: =IF(Monde!F29="","",Monde!F29) | M29: =IF(Monde!G29="","",Monde!G29) | N29: =IF(Monde!I29="","",Monde!I29) | O29: =IF(Monde!J29="","",Monde!J29) | P29: =IF(Monde!K29="","",Monde!K29) | Q29: =IF(Monde!L29="","",Monde!L29) | R29: =IF(Monde!M29="","",Monde!M29) | S29: =IF(Monde!N29="","",Monde!N29) | T29: =IF(Monde!P29="","",Monde!P29) | U29: =IF(Monde!Q29="","",Monde!Q29) | V29: =IF(Monde!R29="","",Monde!R29) | W29: =IF(BEN!U29="","",BEN!U29) | X29: =IF(BEN!V29="","",BEN!V29) | Y29: =IF(BEN!W29="","",BEN!W29) | Z29: =IF(BEN!X29="","",BEN!X29) | AA29: =IF(Pays!$E$3="","",Pays!$E$3) -> 1 | AB29: =IF(Pays!$F$3="","",Pays!$F$3) -> 37.5 | AC29: =IF(Pays!$H$3="","",Pays!$H$3) -> 27.4 | AD29: =IF(Annuel!B5="","",Annuel!B5) | AE29: =IF(Annuel!J5="","",Annuel!J5) | AF29: =IF(Annuel!R5="","",Annuel!R5) | AG29: =IF(Annuel!Z5="","",Annuel!Z5) | AH29: =IF(A29>=Parametres!$C$6,"base 2023","avant 2025") -> avant 2025
A30: 2002-04 | B30: BEN | C30: Bénin | D30: =IF(BEN!B30="","",BEN!B30) | E30: =IF(BEN!C30="","",BEN!C30) | F30: =IF(Monde!B30="","",Monde!B30) | G30: =IF(Monde!H30="","",Monde!H30) | H30: =IF(Monde!O30="","",Monde!O30) | I30: =IF(Monde!C30="","",Monde!C30) | J30: =IF(Monde!D30="","",Monde!D30) | K30: =IF(Monde!E30="","",Monde!E30) | L30: =IF(Monde!F30="","",Monde!F30) | M30: =IF(Monde!G30="","",Monde!G30) | N30: =IF(Monde!I30="","",Monde!I30) | O30: =IF(Monde!J30="","",Monde!J30) | P30: =IF(Monde!K30="","",Monde!K30) | Q30: =IF(Monde!L30="","",Monde!L30) | R30: =IF(Monde!M30="","",Monde!M30) | S30: =IF(Monde!N30="","",Monde!N30) | T30: =IF(Monde!P30="","",Monde!P30) | U30: =IF(Monde!Q30="","",Monde!Q30) | V30: =IF(Monde!R30="","",Monde!R30) | W30: =IF(BEN!U30="","",BEN!U30) | X30: =IF(BEN!V30="","",BEN!V30) | Y30: =IF(BEN!W30="","",BEN!W30) | Z30: =IF(BEN!X30="","",BEN!X30) | AA30: =IF(Pays!$E$3="","",Pays!$E$3) -> 1 | AB30: =IF(Pays!$F$3="","",Pays!$F$3) -> 37.5 | AC30: =IF(Pays!$H$3="","",Pays!$H$3) -> 27.4 | AD30: =IF(Annuel!B5="","",Annuel!B5) | AE30: =IF(Annuel!J5="","",Annuel!J5) | AF30: =IF(Annuel!R5="","",Annuel!R5) | AG30: =IF(Annuel!Z5="","",Annuel!Z5) | AH30: =IF(A30>=Parametres!$C$6,"base 2023","avant 2025") -> avant 2025
A31: 2002-05 | B31: BEN | C31: Bénin | D31: =IF(BEN!B31="","",BEN!B31) | E31: =IF(BEN!C31="","",BEN!C31) | F31: =IF(Monde!B31="","",Monde!B31) | G31: =IF(Monde!H31="","",Monde!H31) | H31: =IF(Monde!O31="","",Monde!O31) | I31: =IF(Monde!C31="","",Monde!C31) | J31: =IF(Monde!D31="","",Monde!D31) | K31: =IF(Monde!E31="","",Monde!E31) | L31: =IF(Monde!F31="","",Monde!F31) | M31: =IF(Monde!G31="","",Monde!G31) | N31: =IF(Monde!I31="","",Monde!I31) | O31: =IF(Monde!J31="","",Monde!J31) | P31: =IF(Monde!K31="","",Monde!K31) | Q31: =IF(Monde!L31="","",Monde!L31) | R31: =IF(Monde!M31="","",Monde!M31) | S31: =IF(Monde!N31="","",Monde!N31) | T31: =IF(Monde!P31="","",Monde!P31) | U31: =IF(Monde!Q31="","",Monde!Q31) | V31: =IF(Monde!R31="","",Monde!R31) | W31: =IF(BEN!U31="","",BEN!U31) | X31: =IF(BEN!V31="","",BEN!V31) | Y31: =IF(BEN!W31="","",BEN!W31) | Z31: =IF(BEN!X31="","",BEN!X31) | AA31: =IF(Pays!$E$3="","",Pays!$E$3) -> 1 | AB31: =IF(Pays!$F$3="","",Pays!$F$3) -> 37.5 | AC31: =IF(Pays!$H$3="","",Pays!$H$3) -> 27.4 | AD31: =IF(Annuel!B5="","",Annuel!B5) | AE31: =IF(Annuel!J5="","",Annuel!J5) | AF31: =IF(Annuel!R5="","",Annuel!R5) | AG31: =IF(Annuel!Z5="","",Annuel!Z5) | AH31: =IF(A31>=Parametres!$C$6,"base 2023","avant 2025") -> avant 2025
A32: 2002-06 | B32: BEN | C32: Bénin | D32: =IF(BEN!B32="","",BEN!B32) | E32: =IF(BEN!C32="","",BEN!C32) | F32: =IF(Monde!B32="","",Monde!B32) | G32: =IF(Monde!H32="","",Monde!H32) | H32: =IF(Monde!O32="","",Monde!O32) | I32: =IF(Monde!C32="","",Monde!C32) | J32: =IF(Monde!D32="","",Monde!D32) | K32: =IF(Monde!E32="","",Monde!E32) | L32: =IF(Monde!F32="","",Monde!F32) | M32: =IF(Monde!G32="","",Monde!G32) | N32: =IF(Monde!I32="","",Monde!I32) | O32: =IF(Monde!J32="","",Monde!J32) | P32: =IF(Monde!K32="","",Monde!K32) | Q32: =IF(Monde!L32="","",Monde!L32) | R32: =IF(Monde!M32="","",Monde!M32) | S32: =IF(Monde!N32="","",Monde!N32) | T32: =IF(Monde!P32="","",Monde!P32) | U32: =IF(Monde!Q32="","",Monde!Q32) | V32: =IF(Monde!R32="","",Monde!R32) | W32: =IF(BEN!U32="","",BEN!U32) | X32: =IF(BEN!V32="","",BEN!V32) | Y32: =IF(BEN!W32="","",BEN!W32) | Z32: =IF(BEN!X32="","",BEN!X32) | AA32: =IF(Pays!$E$3="","",Pays!$E$3) -> 1 | AB32: =IF(Pays!$F$3="","",Pays!$F$3) -> 37.5 | AC32: =IF(Pays!$H$3="","",Pays!$H$3) -> 27.4 | AD32: =IF(Annuel!B5="","",Annuel!B5) | AE32: =IF(Annuel!J5="","",Annuel!J5) | AF32: =IF(Annuel!R5="","",Annuel!R5) | AG32: =IF(Annuel!Z5="","",Annuel!Z5) | AH32: =IF(A32>=Parametres!$C$6,"base 2023","avant 2025") -> avant 2025
A33: 2002-07 | B33: BEN | C33: Bénin | D33: =IF(BEN!B33="","",BEN!B33) | E33: =IF(BEN!C33="","",BEN!C33) | F33: =IF(Monde!B33="","",Monde!B33) | G33: =IF(Monde!H33="","",Monde!H33) | H33: =IF(Monde!O33="","",Monde!O33) | I33: =IF(Monde!C33="","",Monde!C33) | J33: =IF(Monde!D33="","",Monde!D33) | K33: =IF(Monde!E33="","",Monde!E33) | L33: =IF(Monde!F33="","",Monde!F33) | M33: =IF(Monde!G33="","",Monde!G33) | N33: =IF(Monde!I33="","",Monde!I33) | O33: =IF(Monde!J33="","",Monde!J33) | P33: =IF(Monde!K33="","",Monde!K33) | Q33: =IF(Monde!L33="","",Monde!L33) | R33: =IF(Monde!M33="","",Monde!M33) | S33: =IF(Monde!N33="","",Monde!N33) | T33: =IF(Monde!P33="","",Monde!P33) | U33: =IF(Monde!Q33="","",Monde!Q33) | V33: =IF(Monde!R33="","",Monde!R33) | W33: =IF(BEN!U33="","",BEN!U33) | X33: =IF(BEN!V33="","",BEN!V33) | Y33: =IF(BEN!W33="","",BEN!W33) | Z33: =IF(BEN!X33="","",BEN!X33) | AA33: =IF(Pays!$E$3="","",Pays!$E$3) -> 1 | AB33: =IF(Pays!$F$3="","",Pays!$F$3) -> 37.5 | AC33: =IF(Pays!$H$3="","",Pays!$H$3) -> 27.4 | AD33: =IF(Annuel!B5="","",Annuel!B5) | AE33: =IF(Annuel!J5="","",Annuel!J5) | AF33: =IF(Annuel!R5="","",Annuel!R5) | AG33: =IF(Annuel!Z5="","",Annuel!Z5) | AH33: =IF(A33>=Parametres!$C$6,"base 2023","avant 2025") -> avant 2025
A34: 2002-08 | B34: BEN | C34: Bénin | D34: =IF(BEN!B34="","",BEN!B34) | E34: =IF(BEN!C34="","",BEN!C34) | F34: =IF(Monde!B34="","",Monde!B34) | G34: =IF(Monde!H34="","",Monde!H34) | H34: =IF(Monde!O34="","",Monde!O34) | I34: =IF(Monde!C34="","",Monde!C34) | J34: =IF(Monde!D34="","",Monde!D34) | K34: =IF(Monde!E34="","",Monde!E34) | L34: =IF(Monde!F34="","",Monde!F34) | M34: =IF(Monde!G34="","",Monde!G34) | N34: =IF(Monde!I34="","",Monde!I34) | O34: =IF(Monde!J34="","",Monde!J34) | P34: =IF(Monde!K34="","",Monde!K34) | Q34: =IF(Monde!L34="","",Monde!L34) | R34: =IF(Monde!M34="","",Monde!M34) | S34: =IF(Monde!N34="","",Monde!N34) | T34: =IF(Monde!P34="","",Monde!P34) | U34: =IF(Monde!Q34="","",Monde!Q34) | V34: =IF(Monde!R34="","",Monde!R34) | W34: =IF(BEN!U34="","",BEN!U34) | X34: =IF(BEN!V34="","",BEN!V34) | Y34: =IF(BEN!W34="","",BEN!W34) | Z34: =IF(BEN!X34="","",BEN!X34) | AA34: =IF(Pays!$E$3="","",Pays!$E$3) -> 1 | AB34: =IF(Pays!$F$3="","",Pays!$F$3) -> 37.5 | AC34: =IF(Pays!$H$3="","",Pays!$H$3) -> 27.4 | AD34: =IF(Annuel!B5="","",Annuel!B5) | AE34: =IF(Annuel!J5="","",Annuel!J5) | AF34: =IF(Annuel!R5="","",Annuel!R5) | AG34: =IF(Annuel!Z5="","",Annuel!Z5) | AH34: =IF(A34>=Parametres!$C$6,"base 2023","avant 2025") -> avant 2025
A35: 2002-09 | B35: BEN | C35: Bénin | D35: =IF(BEN!B35="","",BEN!B35) | E35: =IF(BEN!C35="","",BEN!C35) | F35: =IF(Monde!B35="","",Monde!B35) | G35: =IF(Monde!H35="","",Monde!H35) | H35: =IF(Monde!O35="","",Monde!O35) | I35: =IF(Monde!C35="","",Monde!C35) | J35: =IF(Monde!D35="","",Monde!D35) | K35: =IF(Monde!E35="","",Monde!E35) | L35: =IF(Monde!F35="","",Monde!F35) | M35: =IF(Monde!G35="","",Monde!G35) | N35: =IF(Monde!I35="","",Monde!I35) | O35: =IF(Monde!J35="","",Monde!J35) | P35: =IF(Monde!K35="","",Monde!K35) | Q35: =IF(Monde!L35="","",Monde!L35) | R35: =IF(Monde!M35="","",Monde!M35) | S35: =IF(Monde!N35="","",Monde!N35) | T35: =IF(Monde!P35="","",Monde!P35) | U35: =IF(Monde!Q35="","",Monde!Q35) | V35: =IF(Monde!R35="","",Monde!R35) | W35: =IF(BEN!U35="","",BEN!U35) | X35: =IF(BEN!V35="","",BEN!V35) | Y35: =IF(BEN!W35="","",BEN!W35) | Z35: =IF(BEN!X35="","",BEN!X35) | AA35: =IF(Pays!$E$3="","",Pays!$E$3) -> 1 | AB35: =IF(Pays!$F$3="","",Pays!$F$3) -> 37.5 | AC35: =IF(Pays!$H$3="","",Pays!$H$3) -> 27.4 | AD35: =IF(Annuel!B5="","",Annuel!B5) | AE35: =IF(Annuel!J5="","",Annuel!J5) | AF35: =IF(Annuel!R5="","",Annuel!R5) | AG35: =IF(Annuel!Z5="","",Annuel!Z5) | AH35: =IF(A35>=Parametres!$C$6,"base 2023","avant 2025") -> avant 2025
A36: 2002-10 | B36: BEN | C36: Bénin | D36: =IF(BEN!B36="","",BEN!B36) | E36: =IF(BEN!C36="","",BEN!C36) | F36: =IF(Monde!B36="","",Monde!B36) | G36: =IF(Monde!H36="","",Monde!H36) | H36: =IF(Monde!O36="","",Monde!O36) | I36: =IF(Monde!C36="","",Monde!C36) | J36: =IF(Monde!D36="","",Monde!D36) | K36: =IF(Monde!E36="","",Monde!E36) | L36: =IF(Monde!F36="","",Monde!F36) | M36: =IF(Monde!G36="","",Monde!G36) | N36: =IF(Monde!I36="","",Monde!I36) | O36: =IF(Monde!J36="","",Monde!J36) | P36: =IF(Monde!K36="","",Monde!K36) | Q36: =IF(Monde!L36="","",Monde!L36) | R36: =IF(Monde!M36="","",Monde!M36) | S36: =IF(Monde!N36="","",Monde!N36) | T36: =IF(Monde!P36="","",Monde!P36) | U36: =IF(Monde!Q36="","",Monde!Q36) | V36: =IF(Monde!R36="","",Monde!R36) | W36: =IF(BEN!U36="","",BEN!U36) | X36: =IF(BEN!V36="","",BEN!V36) | Y36: =IF(BEN!W36="","",BEN!W36) | Z36: =IF(BEN!X36="","",BEN!X36) | AA36: =IF(Pays!$E$3="","",Pays!$E$3) -> 1 | AB36: =IF(Pays!$F$3="","",Pays!$F$3) -> 37.5 | AC36: =IF(Pays!$H$3="","",Pays!$H$3) -> 27.4 | AD36: =IF(Annuel!B5="","",Annuel!B5) | AE36: =IF(Annuel!J5="","",Annuel!J5) | AF36: =IF(Annuel!R5="","",Annuel!R5) | AG36: =IF(Annuel!Z5="","",Annuel!Z5) | AH36: =IF(A36>=Parametres!$C$6,"base 2023","avant 2025") -> avant 2025
A37: 2002-11 | B37: BEN | C37: Bénin | D37: =IF(BEN!B37="","",BEN!B37) | E37: =IF(BEN!C37="","",BEN!C37) | F37: =IF(Monde!B37="","",Monde!B37) | G37: =IF(Monde!H37="","",Monde!H37) | H37: =IF(Monde!O37="","",Monde!O37) | I37: =IF(Monde!C37="","",Monde!C37) | J37: =IF(Monde!D37="","",Monde!D37) | K37: =IF(Monde!E37="","",Monde!E37) | L37: =IF(Monde!F37="","",Monde!F37) | M37: =IF(Monde!G37="","",Monde!G37) | N37: =IF(Monde!I37="","",Monde!I37) | O37: =IF(Monde!J37="","",Monde!J37) | P37: =IF(Monde!K37="","",Monde!K37) | Q37: =IF(Monde!L37="","",Monde!L37) | R37: =IF(Monde!M37="","",Monde!M37) | S37: =IF(Monde!N37="","",Monde!N37) | T37: =IF(Monde!P37="","",Monde!P37) | U37: =IF(Monde!Q37="","",Monde!Q37) | V37: =IF(Monde!R37="","",Monde!R37) | W37: =IF(BEN!U37="","",BEN!U37) | X37: =IF(BEN!V37="","",BEN!V37) | Y37: =IF(BEN!W37="","",BEN!W37) | Z37: =IF(BEN!X37="","",BEN!X37) | AA37: =IF(Pays!$E$3="","",Pays!$E$3) -> 1 | AB37: =IF(Pays!$F$3="","",Pays!$F$3) -> 37.5 | AC37: =IF(Pays!$H$3="","",Pays!$H$3) -> 27.4 | AD37: =IF(Annuel!B5="","",Annuel!B5) | AE37: =IF(Annuel!J5="","",Annuel!J5) | AF37: =IF(Annuel!R5="","",Annuel!R5) | AG37: =IF(Annuel!Z5="","",Annuel!Z5) | AH37: =IF(A37>=Parametres!$C$6,"base 2023","avant 2025") -> avant 2025
A38: 2002-12 | B38: BEN | C38: Bénin | D38: =IF(BEN!B38="","",BEN!B38) | E38: =IF(BEN!C38="","",BEN!C38) | F38: =IF(Monde!B38="","",Monde!B38) | G38: =IF(Monde!H38="","",Monde!H38) | H38: =IF(Monde!O38="","",Monde!O38) | I38: =IF(Monde!C38="","",Monde!C38) | J38: =IF(Monde!D38="","",Monde!D38) | K38: =IF(Monde!E38="","",Monde!E38) | L38: =IF(Monde!F38="","",Monde!F38) | M38: =IF(Monde!G38="","",Monde!G38) | N38: =IF(Monde!I38="","",Monde!I38) | O38: =IF(Monde!J38="","",Monde!J38) | P38: =IF(Monde!K38="","",Monde!K38) | Q38: =IF(Monde!L38="","",Monde!L38) | R38: =IF(Monde!M38="","",Monde!M38) | S38: =IF(Monde!N38="","",Monde!N38) | T38: =IF(Monde!P38="","",Monde!P38) | U38: =IF(Monde!Q38="","",Monde!Q38) | V38: =IF(Monde!R38="","",Monde!R38) | W38: =IF(BEN!U38="","",BEN!U38) | X38: =IF(BEN!V38="","",BEN!V38) | Y38: =IF(BEN!W38="","",BEN!W38) | Z38: =IF(BEN!X38="","",BEN!X38) | AA38: =IF(Pays!$E$3="","",Pays!$E$3) -> 1 | AB38: =IF(Pays!$F$3="","",Pays!$F$3) -> 37.5 | AC38: =IF(Pays!$H$3="","",Pays!$H$3) -> 27.4 | AD38: =IF(Annuel!B5="","",Annuel!B5) | AE38: =IF(Annuel!J5="","",Annuel!J5) | AF38: =IF(Annuel!R5="","",Annuel!R5) | AG38: =IF(Annuel!Z5="","",Annuel!Z5) | AH38: =IF(A38>=Parametres!$C$6,"base 2023","avant 2025") -> avant 2025
A39: 2003-01 | B39: BEN | C39: Bénin | D39: =IF(BEN!B39="","",BEN!B39) | E39: =IF(BEN!C39="","",BEN!C39) | F39: =IF(Monde!B39="","",Monde!B39) | G39: =IF(Monde!H39="","",Monde!H39) | H39: =IF(Monde!O39="","",Monde!O39) | I39: =IF(Monde!C39="","",Monde!C39) | J39: =IF(Monde!D39="","",Monde!D39) | K39: =IF(Monde!E39="","",Monde!E39) | L39: =IF(Monde!F39="","",Monde!F39) | M39: =IF(Monde!G39="","",Monde!G39) | N39: =IF(Monde!I39="","",Monde!I39) | O39: =IF(Monde!J39="","",Monde!J39) | P39: =IF(Monde!K39="","",Monde!K39) | Q39: =IF(Monde!L39="","",Monde!L39) | R39: =IF(Monde!M39="","",Monde!M39) | S39: =IF(Monde!N39="","",Monde!N39) | T39: =IF(Monde!P39="","",Monde!P39) | U39: =IF(Monde!Q39="","",Monde!Q39) | V39: =IF(Monde!R39="","",Monde!R39) | W39: =IF(BEN!U39="","",BEN!U39) | X39: =IF(BEN!V39="","",BEN!V39) | Y39: =IF(BEN!W39="","",BEN!W39) | Z39: =IF(BEN!X39="","",BEN!X39) | AA39: =IF(Pays!$E$3="","",Pays!$E$3) -> 1 | AB39: =IF(Pays!$F$3="","",Pays!$F$3) -> 37.5 | AC39: =IF(Pays!$H$3="","",Pays!$H$3) -> 27.4 | AD39: =IF(Annuel!B6="","",Annuel!B6) | AE39: =IF(Annuel!J6="","",Annuel!J6) | AF39: =IF(Annuel!R6="","",Annuel!R6) | AG39: =IF(Annuel!Z6="","",Annuel!Z6) | AH39: =IF(A39>=Parametres!$C$6,"base 2023","avant 2025") -> avant 2025
A40: 2003-02 | B40: BEN | C40: Bénin | D40: =IF(BEN!B40="","",BEN!B40) | E40: =IF(BEN!C40="","",BEN!C40) | F40: =IF(Monde!B40="","",Monde!B40) | G40: =IF(Monde!H40="","",Monde!H40) | H40: =IF(Monde!O40="","",Monde!O40) | I40: =IF(Monde!C40="","",Monde!C40) | J40: =IF(Monde!D40="","",Monde!D40) | K40: =IF(Monde!E40="","",Monde!E40) | L40: =IF(Monde!F40="","",Monde!F40) | M40: =IF(Monde!G40="","",Monde!G40) | N40: =IF(Monde!I40="","",Monde!I40) | O40: =IF(Monde!J40="","",Monde!J40) | P40: =IF(Monde!K40="","",Monde!K40) | Q40: =IF(Monde!L40="","",Monde!L40) | R40: =IF(Monde!M40="","",Monde!M40) | S40: =IF(Monde!N40="","",Monde!N40) | T40: =IF(Monde!P40="","",Monde!P40) | U40: =IF(Monde!Q40="","",Monde!Q40) | V40: =IF(Monde!R40="","",Monde!R40) | W40: =IF(BEN!U40="","",BEN!U40) | X40: =IF(BEN!V40="","",BEN!V40) | Y40: =IF(BEN!W40="","",BEN!W40) | Z40: =IF(BEN!X40="","",BEN!X40) | AA40: =IF(Pays!$E$3="","",Pays!$E$3) -> 1 | AB40: =IF(Pays!$F$3="","",Pays!$F$3) -> 37.5 | AC40: =IF(Pays!$H$3="","",Pays!$H$3) -> 27.4 | AD40: =IF(Annuel!B6="","",Annuel!B6) | AE40: =IF(Annuel!J6="","",Annuel!J6) | AF40: =IF(Annuel!R6="","",Annuel!R6) | AG40: =IF(Annuel!Z6="","",Annuel!Z6) | AH40: =IF(A40>=Parametres!$C$6,"base 2023","avant 2025") -> avant 2025
A41: 2003-03 | B41: BEN | C41: Bénin | D41: =IF(BEN!B41="","",BEN!B41) | E41: =IF(BEN!C41="","",BEN!C41) | F41: =IF(Monde!B41="","",Monde!B41) | G41: =IF(Monde!H41="","",Monde!H41) | H41: =IF(Monde!O41="","",Monde!O41) | I41: =IF(Monde!C41="","",Monde!C41) | J41: =IF(Monde!D41="","",Monde!D41) | K41: =IF(Monde!E41="","",Monde!E41) | L41: =IF(Monde!F41="","",Monde!F41) | M41: =IF(Monde!G41="","",Monde!G41) | N41: =IF(Monde!I41="","",Monde!I41) | O41: =IF(Monde!J41="","",Monde!J41) | P41: =IF(Monde!K41="","",Monde!K41) | Q41: =IF(Monde!L41="","",Monde!L41) | R41: =IF(Monde!M41="","",Monde!M41) | S41: =IF(Monde!N41="","",Monde!N41) | T41: =IF(Monde!P41="","",Monde!P41) | U41: =IF(Monde!Q41="","",Monde!Q41) | V41: =IF(Monde!R41="","",Monde!R41) | W41: =IF(BEN!U41="","",BEN!U41) | X41: =IF(BEN!V41="","",BEN!V41) | Y41: =IF(BEN!W41="","",BEN!W41) | Z41: =IF(BEN!X41="","",BEN!X41) | AA41: =IF(Pays!$E$3="","",Pays!$E$3) -> 1 | AB41: =IF(Pays!$F$3="","",Pays!$F$3) -> 37.5 | AC41: =IF(Pays!$H$3="","",Pays!$H$3) -> 27.4 | AD41: =IF(Annuel!B6="","",Annuel!B6) | AE41: =IF(Annuel!J6="","",Annuel!J6) | AF41: =IF(Annuel!R6="","",Annuel!R6) | AG41: =IF(Annuel!Z6="","",Annuel!Z6) | AH41: =IF(A41>=Parametres!$C$6,"base 2023","avant 2025") -> avant 2025
A42: 2003-04 | B42: BEN | C42: Bénin | D42: =IF(BEN!B42="","",BEN!B42) | E42: =IF(BEN!C42="","",BEN!C42) | F42: =IF(Monde!B42="","",Monde!B42) | G42: =IF(Monde!H42="","",Monde!H42) | H42: =IF(Monde!O42="","",Monde!O42) | I42: =IF(Monde!C42="","",Monde!C42) | J42: =IF(Monde!D42="","",Monde!D42) | K42: =IF(Monde!E42="","",Monde!E42) | L42: =IF(Monde!F42="","",Monde!F42) | M42: =IF(Monde!G42="","",Monde!G42) | N42: =IF(Monde!I42="","",Monde!I42) | O42: =IF(Monde!J42="","",Monde!J42) | P42: =IF(Monde!K42="","",Monde!K42) | Q42: =IF(Monde!L42="","",Monde!L42) | R42: =IF(Monde!M42="","",Monde!M42) | S42: =IF(Monde!N42="","",Monde!N42) | T42: =IF(Monde!P42="","",Monde!P42) | U42: =IF(Monde!Q42="","",Monde!Q42) | V42: =IF(Monde!R42="","",Monde!R42) | W42: =IF(BEN!U42="","",BEN!U42) | X42: =IF(BEN!V42="","",BEN!V42) | Y42: =IF(BEN!W42="","",BEN!W42) | Z42: =IF(BEN!X42="","",BEN!X42) | AA42: =IF(Pays!$E$3="","",Pays!$E$3) -> 1 | AB42: =IF(Pays!$F$3="","",Pays!$F$3) -> 37.5 | AC42: =IF(Pays!$H$3="","",Pays!$H$3) -> 27.4 | AD42: =IF(Annuel!B6="","",Annuel!B6) | AE42: =IF(Annuel!J6="","",Annuel!J6) | AF42: =IF(Annuel!R6="","",Annuel!R6) | AG42: =IF(Annuel!Z6="","",Annuel!Z6) | AH42: =IF(A42>=Parametres!$C$6,"base 2023","avant 2025") -> avant 2025
A43: 2003-05 | B43: BEN | C43: Bénin | D43: =IF(BEN!B43="","",BEN!B43) | E43: =IF(BEN!C43="","",BEN!C43) | F43: =IF(Monde!B43="","",Monde!B43) | G43: =IF(Monde!H43="","",Monde!H43) | H43: =IF(Monde!O43="","",Monde!O43) | I43: =IF(Monde!C43="","",Monde!C43) | J43: =IF(Monde!D43="","",Monde!D43) | K43: =IF(Monde!E43="","",Monde!E43) | L43: =IF(Monde!F43="","",Monde!F43) | M43: =IF(Monde!G43="","",Monde!G43) | N43: =IF(Monde!I43="","",Monde!I43) | O43: =IF(Monde!J43="","",Monde!J43) | P43: =IF(Monde!K43="","",Monde!K43) | Q43: =IF(Monde!L43="","",Monde!L43) | R43: =IF(Monde!M43="","",Monde!M43) | S43: =IF(Monde!N43="","",Monde!N43) | T43: =IF(Monde!P43="","",Monde!P43) | U43: =IF(Monde!Q43="","",Monde!Q43) | V43: =IF(Monde!R43="","",Monde!R43) | W43: =IF(BEN!U43="","",BEN!U43) | X43: =IF(BEN!V43="","",BEN!V43) | Y43: =IF(BEN!W43="","",BEN!W43) | Z43: =IF(BEN!X43="","",BEN!X43) | AA43: =IF(Pays!$E$3="","",Pays!$E$3) -> 1 | AB43: =IF(Pays!$F$3="","",Pays!$F$3) -> 37.5 | AC43: =IF(Pays!$H$3="","",Pays!$H$3) -> 27.4 | AD43: =IF(Annuel!B6="","",Annuel!B6) | AE43: =IF(Annuel!J6="","",Annuel!J6) | AF43: =IF(Annuel!R6="","",Annuel!R6) | AG43: =IF(Annuel!Z6="","",Annuel!Z6) | AH43: =IF(A43>=Parametres!$C$6,"base 2023","avant 2025") -> avant 2025
A44: 2003-06 | B44: BEN | C44: Bénin | D44: =IF(BEN!B44="","",BEN!B44) | E44: =IF(BEN!C44="","",BEN!C44) | F44: =IF(Monde!B44="","",Monde!B44) | G44: =IF(Monde!H44="","",Monde!H44) | H44: =IF(Monde!O44="","",Monde!O44) | I44: =IF(Monde!C44="","",Monde!C44) | J44: =IF(Monde!D44="","",Monde!D44) | K44: =IF(Monde!E44="","",Monde!E44) | L44: =IF(Monde!F44="","",Monde!F44) | M44: =IF(Monde!G44="","",Monde!G44) | N44: =IF(Monde!I44="","",Monde!I44) | O44: =IF(Monde!J44="","",Monde!J44) | P44: =IF(Monde!K44="","",Monde!K44) | Q44: =IF(Monde!L44="","",Monde!L44) | R44: =IF(Monde!M44="","",Monde!M44) | S44: =IF(Monde!N44="","",Monde!N44) | T44: =IF(Monde!P44="","",Monde!P44) | U44: =IF(Monde!Q44="","",Monde!Q44) | V44: =IF(Monde!R44="","",Monde!R44) | W44: =IF(BEN!U44="","",BEN!U44) | X44: =IF(BEN!V44="","",BEN!V44) | Y44: =IF(BEN!W44="","",BEN!W44) | Z44: =IF(BEN!X44="","",BEN!X44) | AA44: =IF(Pays!$E$3="","",Pays!$E$3) -> 1 | AB44: =IF(Pays!$F$3="","",Pays!$F$3) -> 37.5 | AC44: =IF(Pays!$H$3="","",Pays!$H$3) -> 27.4 | AD44: =IF(Annuel!B6="","",Annuel!B6) | AE44: =IF(Annuel!J6="","",Annuel!J6) | AF44: =IF(Annuel!R6="","",Annuel!R6) | AG44: =IF(Annuel!Z6="","",Annuel!Z6) | AH44: =IF(A44>=Parametres!$C$6,"base 2023","avant 2025") -> avant 2025
A45: 2003-07 | B45: BEN | C45: Bénin | D45: =IF(BEN!B45="","",BEN!B45) | E45: =IF(BEN!C45="","",BEN!C45) | F45: =IF(Monde!B45="","",Monde!B45) | G45: =IF(Monde!H45="","",Monde!H45) | H45: =IF(Monde!O45="","",Monde!O45) | I45: =IF(Monde!C45="","",Monde!C45) | J45: =IF(Monde!D45="","",Monde!D45) | K45: =IF(Monde!E45="","",Monde!E45) | L45: =IF(Monde!F45="","",Monde!F45) | M45: =IF(Monde!G45="","",Monde!G45) | N45: =IF(Monde!I45="","",Monde!I45) | O45: =IF(Monde!J45="","",Monde!J45) | P45: =IF(Monde!K45="","",Monde!K45) | Q45: =IF(Monde!L45="","",Monde!L45) | R45: =IF(Monde!M45="","",Monde!M45) | S45: =IF(Monde!N45="","",Monde!N45) | T45: =IF(Monde!P45="","",Monde!P45) | U45: =IF(Monde!Q45="","",Monde!Q45) | V45: =IF(Monde!R45="","",Monde!R45) | W45: =IF(BEN!U45="","",BEN!U45) | X45: =IF(BEN!V45="","",BEN!V45) | Y45: =IF(BEN!W45="","",BEN!W45) | Z45: =IF(BEN!X45="","",BEN!X45) | AA45: =IF(Pays!$E$3="","",Pays!$E$3) -> 1 | AB45: =IF(Pays!$F$3="","",Pays!$F$3) -> 37.5 | AC45: =IF(Pays!$H$3="","",Pays!$H$3) -> 27.4 | AD45: =IF(Annuel!B6="","",Annuel!B6) | AE45: =IF(Annuel!J6="","",Annuel!J6) | AF45: =IF(Annuel!R6="","",Annuel!R6) | AG45: =IF(Annuel!Z6="","",Annuel!Z6) | AH45: =IF(A45>=Parametres!$C$6,"base 2023","avant 2025") -> avant 2025
A46: 2003-08 | B46: BEN | C46: Bénin | D46: =IF(BEN!B46="","",BEN!B46) | E46: =IF(BEN!C46="","",BEN!C46) | F46: =IF(Monde!B46="","",Monde!B46) | G46: =IF(Monde!H46="","",Monde!H46) | H46: =IF(Monde!O46="","",Monde!O46) | I46: =IF(Monde!C46="","",Monde!C46) | J46: =IF(Monde!D46="","",Monde!D46) | K46: =IF(Monde!E46="","",Monde!E46) | L46: =IF(Monde!F46="","",Monde!F46) | M46: =IF(Monde!G46="","",Monde!G46) | N46: =IF(Monde!I46="","",Monde!I46) | O46: =IF(Monde!J46="","",Monde!J46) | P46: =IF(Monde!K46="","",Monde!K46) | Q46: =IF(Monde!L46="","",Monde!L46) | R46: =IF(Monde!M46="","",Monde!M46) | S46: =IF(Monde!N46="","",Monde!N46) | T46: =IF(Monde!P46="","",Monde!P46) | U46: =IF(Monde!Q46="","",Monde!Q46) | V46: =IF(Monde!R46="","",Monde!R46) | W46: =IF(BEN!U46="","",BEN!U46) | X46: =IF(BEN!V46="","",BEN!V46) | Y46: =IF(BEN!W46="","",BEN!W46) | Z46: =IF(BEN!X46="","",BEN!X46) | AA46: =IF(Pays!$E$3="","",Pays!$E$3) -> 1 | AB46: =IF(Pays!$F$3="","",Pays!$F$3) -> 37.5 | AC46: =IF(Pays!$H$3="","",Pays!$H$3) -> 27.4 | AD46: =IF(Annuel!B6="","",Annuel!B6) | AE46: =IF(Annuel!J6="","",Annuel!J6) | AF46: =IF(Annuel!R6="","",Annuel!R6) | AG46: =IF(Annuel!Z6="","",Annuel!Z6) | AH46: =IF(A46>=Parametres!$C$6,"base 2023","avant 2025") -> avant 2025
A47: 2003-09 | B47: BEN | C47: Bénin | D47: =IF(BEN!B47="","",BEN!B47) | E47: =IF(BEN!C47="","",BEN!C47) | F47: =IF(Monde!B47="","",Monde!B47) | G47: =IF(Monde!H47="","",Monde!H47) | H47: =IF(Monde!O47="","",Monde!O47) | I47: =IF(Monde!C47="","",Monde!C47) | J47: =IF(Monde!D47="","",Monde!D47) | K47: =IF(Monde!E47="","",Monde!E47) | L47: =IF(Monde!F47="","",Monde!F47) | M47: =IF(Monde!G47="","",Monde!G47) | N47: =IF(Monde!I47="","",Monde!I47) | O47: =IF(Monde!J47="","",Monde!J47) | P47: =IF(Monde!K47="","",Monde!K47) | Q47: =IF(Monde!L47="","",Monde!L47) | R47: =IF(Monde!M47="","",Monde!M47) | S47: =IF(Monde!N47="","",Monde!N47) | T47: =IF(Monde!P47="","",Monde!P47) | U47: =IF(Monde!Q47="","",Monde!Q47) | V47: =IF(Monde!R47="","",Monde!R47) | W47: =IF(BEN!U47="","",BEN!U47) | X47: =IF(BEN!V47="","",BEN!V47) | Y47: =IF(BEN!W47="","",BEN!W47) | Z47: =IF(BEN!X47="","",BEN!X47) | AA47: =IF(Pays!$E$3="","",Pays!$E$3) -> 1 | AB47: =IF(Pays!$F$3="","",Pays!$F$3) -> 37.5 | AC47: =IF(Pays!$H$3="","",Pays!$H$3) -> 27.4 | AD47: =IF(Annuel!B6="","",Annuel!B6) | AE47: =IF(Annuel!J6="","",Annuel!J6) | AF47: =IF(Annuel!R6="","",Annuel!R6) | AG47: =IF(Annuel!Z6="","",Annuel!Z6) | AH47: =IF(A47>=Parametres!$C$6,"base 2023","avant 2025") -> avant 2025
A48: 2003-10 | B48: BEN | C48: Bénin | D48: =IF(BEN!B48="","",BEN!B48) | E48: =IF(BEN!C48="","",BEN!C48) | F48: =IF(Monde!B48="","",Monde!B48) | G48: =IF(Monde!H48="","",Monde!H48) | H48: =IF(Monde!O48="","",Monde!O48) | I48: =IF(Monde!C48="","",Monde!C48) | J48: =IF(Monde!D48="","",Monde!D48) | K48: =IF(Monde!E48="","",Monde!E48) | L48: =IF(Monde!F48="","",Monde!F48) | M48: =IF(Monde!G48="","",Monde!G48) | N48: =IF(Monde!I48="","",Monde!I48) | O48: =IF(Monde!J48="","",Monde!J48) | P48: =IF(Monde!K48="","",Monde!K48) | Q48: =IF(Monde!L48="","",Monde!L48) | R48: =IF(Monde!M48="","",Monde!M48) | S48: =IF(Monde!N48="","",Monde!N48) | T48: =IF(Monde!P48="","",Monde!P48) | U48: =IF(Monde!Q48="","",Monde!Q48) | V48: =IF(Monde!R48="","",Monde!R48) | W48: =IF(BEN!U48="","",BEN!U48) | X48: =IF(BEN!V48="","",BEN!V48) | Y48: =IF(BEN!W48="","",BEN!W48) | Z48: =IF(BEN!X48="","",BEN!X48) | AA48: =IF(Pays!$E$3="","",Pays!$E$3) -> 1 | AB48: =IF(Pays!$F$3="","",Pays!$F$3) -> 37.5 | AC48: =IF(Pays!$H$3="","",Pays!$H$3) -> 27.4 | AD48: =IF(Annuel!B6="","",Annuel!B6) | AE48: =IF(Annuel!J6="","",Annuel!J6) | AF48: =IF(Annuel!R6="","",Annuel!R6) | AG48: =IF(Annuel!Z6="","",Annuel!Z6) | AH48: =IF(A48>=Parametres!$C$6,"base 2023","avant 2025") -> avant 2025
A49: 2003-11 | B49: BEN | C49: Bénin | D49: =IF(BEN!B49="","",BEN!B49) | E49: =IF(BEN!C49="","",BEN!C49) | F49: =IF(Monde!B49="","",Monde!B49) | G49: =IF(Monde!H49="","",Monde!H49) | H49: =IF(Monde!O49="","",Monde!O49) | I49: =IF(Monde!C49="","",Monde!C49) | J49: =IF(Monde!D49="","",Monde!D49) | K49: =IF(Monde!E49="","",Monde!E49) | L49: =IF(Monde!F49="","",Monde!F49) | M49: =IF(Monde!G49="","",Monde!G49) | N49: =IF(Monde!I49="","",Monde!I49) | O49: =IF(Monde!J49="","",Monde!J49) | P49: =IF(Monde!K49="","",Monde!K49) | Q49: =IF(Monde!L49="","",Monde!L49) | R49: =IF(Monde!M49="","",Monde!M49) | S49: =IF(Monde!N49="","",Monde!N49) | T49: =IF(Monde!P49="","",Monde!P49) | U49: =IF(Monde!Q49="","",Monde!Q49) | V49: =IF(Monde!R49="","",Monde!R49) | W49: =IF(BEN!U49="","",BEN!U49) | X49: =IF(BEN!V49="","",BEN!V49) | Y49: =IF(BEN!W49="","",BEN!W49) | Z49: =IF(BEN!X49="","",BEN!X49) | AA49: =IF(Pays!$E$3="","",Pays!$E$3) -> 1 | AB49: =IF(Pays!$F$3="","",Pays!$F$3) -> 37.5 | AC49: =IF(Pays!$H$3="","",Pays!$H$3) -> 27.4 | AD49: =IF(Annuel!B6="","",Annuel!B6) | AE49: =IF(Annuel!J6="","",Annuel!J6) | AF49: =IF(Annuel!R6="","",Annuel!R6) | AG49: =IF(Annuel!Z6="","",Annuel!Z6) | AH49: =IF(A49>=Parametres!$C$6,"base 2023","avant 2025") -> avant 2025
A50: 2003-12 | B50: BEN | C50: Bénin | D50: =IF(BEN!B50="","",BEN!B50) | E50: =IF(BEN!C50="","",BEN!C50) | F50: =IF(Monde!B50="","",Monde!B50) | G50: =IF(Monde!H50="","",Monde!H50) | H50: =IF(Monde!O50="","",Monde!O50) | I50: =IF(Monde!C50="","",Monde!C50) | J50: =IF(Monde!D50="","",Monde!D50) | K50: =IF(Monde!E50="","",Monde!E50) | L50: =IF(Monde!F50="","",Monde!F50) | M50: =IF(Monde!G50="","",Monde!G50) | N50: =IF(Monde!I50="","",Monde!I50) | O50: =IF(Monde!J50="","",Monde!J50) | P50: =IF(Monde!K50="","",Monde!K50) | Q50: =IF(Monde!L50="","",Monde!L50) | R50: =IF(Monde!M50="","",Monde!M50) | S50: =IF(Monde!N50="","",Monde!N50) | T50: =IF(Monde!P50="","",Monde!P50) | U50: =IF(Monde!Q50="","",Monde!Q50) | V50: =IF(Monde!R50="","",Monde!R50) | W50: =IF(BEN!U50="","",BEN!U50) | X50: =IF(BEN!V50="","",BEN!V50) | Y50: =IF(BEN!W50="","",BEN!W50) | Z50: =IF(BEN!X50="","",BEN!X50) | AA50: =IF(Pays!$E$3="","",Pays!$E$3) -> 1 | AB50: =IF(Pays!$F$3="","",Pays!$F$3) -> 37.5 | AC50: =IF(Pays!$H$3="","",Pays!$H$3) -> 27.4 | AD50: =IF(Annuel!B6="","",Annuel!B6) | AE50: =IF(Annuel!J6="","",Annuel!J6) | AF50: =IF(Annuel!R6="","",Annuel!R6) | AG50: =IF(Annuel!Z6="","",Annuel!Z6) | AH50: =IF(A50>=Parametres!$C$6,"base 2023","avant 2025") -> avant 2025
A51: 2004-01 | B51: BEN | C51: Bénin | D51: =IF(BEN!B51="","",BEN!B51) | E51: =IF(BEN!C51="","",BEN!C51) | F51: =IF(Monde!B51="","",Monde!B51) | G51: =IF(Monde!H51="","",Monde!H51) | H51: =IF(Monde!O51="","",Monde!O51) | I51: =IF(Monde!C51="","",Monde!C51) | J51: =IF(Monde!D51="","",Monde!D51) | K51: =IF(Monde!E51="","",Monde!E51) | L51: =IF(Monde!F51="","",Monde!F51) | M51: =IF(Monde!G51="","",Monde!G51) | N51: =IF(Monde!I51="","",Monde!I51) | O51: =IF(Monde!J51="","",Monde!J51) | P51: =IF(Monde!K51="","",Monde!K51) | Q51: =IF(Monde!L51="","",Monde!L51) | R51: =IF(Monde!M51="","",Monde!M51) | S51: =IF(Monde!N51="","",Monde!N51) | T51: =IF(Monde!P51="","",Monde!P51) | U51: =IF(Monde!Q51="","",Monde!Q51) | V51: =IF(Monde!R51="","",Monde!R51) | W51: =IF(BEN!U51="","",BEN!U51) | X51: =IF(BEN!V51="","",BEN!V51) | Y51: =IF(BEN!W51="","",BEN!W51) | Z51: =IF(BEN!X51="","",BEN!X51) | AA51: =IF(Pays!$E$3="","",Pays!$E$3) -> 1 | AB51: =IF(Pays!$F$3="","",Pays!$F$3) -> 37.5 | AC51: =IF(Pays!$H$3="","",Pays!$H$3) -> 27.4 | AD51: =IF(Annuel!B7="","",Annuel!B7) | AE51: =IF(Annuel!J7="","",Annuel!J7) | AF51: =IF(Annuel!R7="","",Annuel!R7) | AG51: =IF(Annuel!Z7="","",Annuel!Z7) | AH51: =IF(A51>=Parametres!$C$6,"base 2023","avant 2025") -> avant 2025
A52: 2004-02 | B52: BEN | C52: Bénin | D52: =IF(BEN!B52="","",BEN!B52) | E52: =IF(BEN!C52="","",BEN!C52) | F52: =IF(Monde!B52="","",Monde!B52) | G52: =IF(Monde!H52="","",Monde!H52) | H52: =IF(Monde!O52="","",Monde!O52) | I52: =IF(Monde!C52="","",Monde!C52) | J52: =IF(Monde!D52="","",Monde!D52) | K52: =IF(Monde!E52="","",Monde!E52) | L52: =IF(Monde!F52="","",Monde!F52) | M52: =IF(Monde!G52="","",Monde!G52) | N52: =IF(Monde!I52="","",Monde!I52) | O52: =IF(Monde!J52="","",Monde!J52) | P52: =IF(Monde!K52="","",Monde!K52) | Q52: =IF(Monde!L52="","",Monde!L52) | R52: =IF(Monde!M52="","",Monde!M52) | S52: =IF(Monde!N52="","",Monde!N52) | T52: =IF(Monde!P52="","",Monde!P52) | U52: =IF(Monde!Q52="","",Monde!Q52) | V52: =IF(Monde!R52="","",Monde!R52) | W52: =IF(BEN!U52="","",BEN!U52) | X52: =IF(BEN!V52="","",BEN!V52) | Y52: =IF(BEN!W52="","",BEN!W52) | Z52: =IF(BEN!X52="","",BEN!X52) | AA52: =IF(Pays!$E$3="","",Pays!$E$3) -> 1 | AB52: =IF(Pays!$F$3="","",Pays!$F$3) -> 37.5 | AC52: =IF(Pays!$H$3="","",Pays!$H$3) -> 27.4 | AD52: =IF(Annuel!B7="","",Annuel!B7) | AE52: =IF(Annuel!J7="","",Annuel!J7) | AF52: =IF(Annuel!R7="","",Annuel!R7) | AG52: =IF(Annuel!Z7="","",Annuel!Z7) | AH52: =IF(A52>=Parametres!$C$6,"base 2023","avant 2025") -> avant 2025
A53: 2004-03 | B53: BEN | C53: Bénin | D53: =IF(BEN!B53="","",BEN!B53) | E53: =IF(BEN!C53="","",BEN!C53) | F53: =IF(Monde!B53="","",Monde!B53) | G53: =IF(Monde!H53="","",Monde!H53) | H53: =IF(Monde!O53="","",Monde!O53) | I53: =IF(Monde!C53="","",Monde!C53) | J53: =IF(Monde!D53="","",Monde!D53) | K53: =IF(Monde!E53="","",Monde!E53) | L53: =IF(Monde!F53="","",Monde!F53) | M53: =IF(Monde!G53="","",Monde!G53) | N53: =IF(Monde!I53="","",Monde!I53) | O53: =IF(Monde!J53="","",Monde!J53) | P53: =IF(Monde!K53="","",Monde!K53) | Q53: =IF(Monde!L53="","",Monde!L53) | R53: =IF(Monde!M53="","",Monde!M53) | S53: =IF(Monde!N53="","",Monde!N53) | T53: =IF(Monde!P53="","",Monde!P53) | U53: =IF(Monde!Q53="","",Monde!Q53) | V53: =IF(Monde!R53="","",Monde!R53) | W53: =IF(BEN!U53="","",BEN!U53) | X53: =IF(BEN!V53="","",BEN!V53) | Y53: =IF(BEN!W53="","",BEN!W53) | Z53: =IF(BEN!X53="","",BEN!X53) | AA53: =IF(Pays!$E$3="","",Pays!$E$3) -> 1 | AB53: =IF(Pays!$F$3="","",Pays!$F$3) -> 37.5 | AC53: =IF(Pays!$H$3="","",Pays!$H$3) -> 27.4 | AD53: =IF(Annuel!B7="","",Annuel!B7) | AE53: =IF(Annuel!J7="","",Annuel!J7) | AF53: =IF(Annuel!R7="","",Annuel!R7) | AG53: =IF(Annuel!Z7="","",Annuel!Z7) | AH53: =IF(A53>=Parametres!$C$6,"base 2023","avant 2025") -> avant 2025
A54: 2004-04 | B54: BEN | C54: Bénin | D54: =IF(BEN!B54="","",BEN!B54) | E54: =IF(BEN!C54="","",BEN!C54) | F54: =IF(Monde!B54="","",Monde!B54) | G54: =IF(Monde!H54="","",Monde!H54) | H54: =IF(Monde!O54="","",Monde!O54) | I54: =IF(Monde!C54="","",Monde!C54) | J54: =IF(Monde!D54="","",Monde!D54) | K54: =IF(Monde!E54="","",Monde!E54) | L54: =IF(Monde!F54="","",Monde!F54) | M54: =IF(Monde!G54="","",Monde!G54) | N54: =IF(Monde!I54="","",Monde!I54) | O54: =IF(Monde!J54="","",Monde!J54) | P54: =IF(Monde!K54="","",Monde!K54) | Q54: =IF(Monde!L54="","",Monde!L54) | R54: =IF(Monde!M54="","",Monde!M54) | S54: =IF(Monde!N54="","",Monde!N54) | T54: =IF(Monde!P54="","",Monde!P54) | U54: =IF(Monde!Q54="","",Monde!Q54) | V54: =IF(Monde!R54="","",Monde!R54) | W54: =IF(BEN!U54="","",BEN!U54) | X54: =IF(BEN!V54="","",BEN!V54) | Y54: =IF(BEN!W54="","",BEN!W54) | Z54: =IF(BEN!X54="","",BEN!X54) | AA54: =IF(Pays!$E$3="","",Pays!$E$3) -> 1 | AB54: =IF(Pays!$F$3="","",Pays!$F$3) -> 37.5 | AC54: =IF(Pays!$H$3="","",Pays!$H$3) -> 27.4 | AD54: =IF(Annuel!B7="","",Annuel!B7) | AE54: =IF(Annuel!J7="","",Annuel!J7) | AF54: =IF(Annuel!R7="","",Annuel!R7) | AG54: =IF(Annuel!Z7="","",Annuel!Z7) | AH54: =IF(A54>=Parametres!$C$6,"base 2023","avant 2025") -> avant 2025
A55: 2004-05 | B55: BEN | C55: Bénin | D55: =IF(BEN!B55="","",BEN!B55) | E55: =IF(BEN!C55="","",BEN!C55) | F55: =IF(Monde!B55="","",Monde!B55) | G55: =IF(Monde!H55="","",Monde!H55) | H55: =IF(Monde!O55="","",Monde!O55) | I55: =IF(Monde!C55="","",Monde!C55) | J55: =IF(Monde!D55="","",Monde!D55) | K55: =IF(Monde!E55="","",Monde!E55) | L55: =IF(Monde!F55="","",Monde!F55) | M55: =IF(Monde!G55="","",Monde!G55) | N55: =IF(Monde!I55="","",Monde!I55) | O55: =IF(Monde!J55="","",Monde!J55) | P55: =IF(Monde!K55="","",Monde!K55) | Q55: =IF(Monde!L55="","",Monde!L55) | R55: =IF(Monde!M55="","",Monde!M55) | S55: =IF(Monde!N55="","",Monde!N55) | T55: =IF(Monde!P55="","",Monde!P55) | U55: =IF(Monde!Q55="","",Monde!Q55) | V55: =IF(Monde!R55="","",Monde!R55) | W55: =IF(BEN!U55="","",BEN!U55) | X55: =IF(BEN!V55="","",BEN!V55) | Y55: =IF(BEN!W55="","",BEN!W55) | Z55: =IF(BEN!X55="","",BEN!X55) | AA55: =IF(Pays!$E$3="","",Pays!$E$3) -> 1 | AB55: =IF(Pays!$F$3="","",Pays!$F$3) -> 37.5 | AC55: =IF(Pays!$H$3="","",Pays!$H$3) -> 27.4 | AD55: =IF(Annuel!B7="","",Annuel!B7) | AE55: =IF(Annuel!J7="","",Annuel!J7) | AF55: =IF(Annuel!R7="","",Annuel!R7) | AG55: =IF(Annuel!Z7="","",Annuel!Z7) | AH55: =IF(A55>=Parametres!$C$6,"base 2023","avant 2025") -> avant 2025
A56: 2004-06 | B56: BEN | C56: Bénin | D56: =IF(BEN!B56="","",BEN!B56) | E56: =IF(BEN!C56="","",BEN!C56) | F56: =IF(Monde!B56="","",Monde!B56) | G56: =IF(Monde!H56="","",Monde!H56) | H56: =IF(Monde!O56="","",Monde!O56) | I56: =IF(Monde!C56="","",Monde!C56) | J56: =IF(Monde!D56="","",Monde!D56) | K56: =IF(Monde!E56="","",Monde!E56) | L56: =IF(Monde!F56="","",Monde!F56) | M56: =IF(Monde!G56="","",Monde!G56) | N56: =IF(Monde!I56="","",Monde!I56) | O56: =IF(Monde!J56="","",Monde!J56) | P56: =IF(Monde!K56="","",Monde!K56) | Q56: =IF(Monde!L56="","",Monde!L56) | R56: =IF(Monde!M56="","",Monde!M56) | S56: =IF(Monde!N56="","",Monde!N56) | T56: =IF(Monde!P56="","",Monde!P56) | U56: =IF(Monde!Q56="","",Monde!Q56) | V56: =IF(Monde!R56="","",Monde!R56) | W56: =IF(BEN!U56="","",BEN!U56) | X56: =IF(BEN!V56="","",BEN!V56) | Y56: =IF(BEN!W56="","",BEN!W56) | Z56: =IF(BEN!X56="","",BEN!X56) | AA56: =IF(Pays!$E$3="","",Pays!$E$3) -> 1 | AB56: =IF(Pays!$F$3="","",Pays!$F$3) -> 37.5 | AC56: =IF(Pays!$H$3="","",Pays!$H$3) -> 27.4 | AD56: =IF(Annuel!B7="","",Annuel!B7) | AE56: =IF(Annuel!J7="","",Annuel!J7) | AF56: =IF(Annuel!R7="","",Annuel!R7) | AG56: =IF(Annuel!Z7="","",Annuel!Z7) | AH56: =IF(A56>=Parametres!$C$6,"base 2023","avant 2025") -> avant 2025
A57: 2004-07 | B57: BEN | C57: Bénin | D57: =IF(BEN!B57="","",BEN!B57) | E57: =IF(BEN!C57="","",BEN!C57) | F57: =IF(Monde!B57="","",Monde!B57) | G57: =IF(Monde!H57="","",Monde!H57) | H57: =IF(Monde!O57="","",Monde!O57) | I57: =IF(Monde!C57="","",Monde!C57) | J57: =IF(Monde!D57="","",Monde!D57) | K57: =IF(Monde!E57="","",Monde!E57) | L57: =IF(Monde!F57="","",Monde!F57) | M57: =IF(Monde!G57="","",Monde!G57) | N57: =IF(Monde!I57="","",Monde!I57) | O57: =IF(Monde!J57="","",Monde!J57) | P57: =IF(Monde!K57="","",Monde!K57) | Q57: =IF(Monde!L57="","",Monde!L57) | R57: =IF(Monde!M57="","",Monde!M57) | S57: =IF(Monde!N57="","",Monde!N57) | T57: =IF(Monde!P57="","",Monde!P57) | U57: =IF(Monde!Q57="","",Monde!Q57) | V57: =IF(Monde!R57="","",Monde!R57) | W57: =IF(BEN!U57="","",BEN!U57) | X57: =IF(BEN!V57="","",BEN!V57) | Y57: =IF(BEN!W57="","",BEN!W57) | Z57: =IF(BEN!X57="","",BEN!X57) | AA57: =IF(Pays!$E$3="","",Pays!$E$3) -> 1 | AB57: =IF(Pays!$F$3="","",Pays!$F$3) -> 37.5 | AC57: =IF(Pays!$H$3="","",Pays!$H$3) -> 27.4 | AD57: =IF(Annuel!B7="","",Annuel!B7) | AE57: =IF(Annuel!J7="","",Annuel!J7) | AF57: =IF(Annuel!R7="","",Annuel!R7) | AG57: =IF(Annuel!Z7="","",Annuel!Z7) | AH57: =IF(A57>=Parametres!$C$6,"base 2023","avant 2025") -> avant 2025
A58: 2004-08 | B58: BEN | C58: Bénin | D58: =IF(BEN!B58="","",BEN!B58) | E58: =IF(BEN!C58="","",BEN!C58) | F58: =IF(Monde!B58="","",Monde!B58) | G58: =IF(Monde!H58="","",Monde!H58) | H58: =IF(Monde!O58="","",Monde!O58) | I58: =IF(Monde!C58="","",Monde!C58) | J58: =IF(Monde!D58="","",Monde!D58) | K58: =IF(Monde!E58="","",Monde!E58) | L58: =IF(Monde!F58="","",Monde!F58) | M58: =IF(Monde!G58="","",Monde!G58) | N58: =IF(Monde!I58="","",Monde!I58) | O58: =IF(Monde!J58="","",Monde!J58) | P58: =IF(Monde!K58="","",Monde!K58) | Q58: =IF(Monde!L58="","",Monde!L58) | R58: =IF(Monde!M58="","",Monde!M58) | S58: =IF(Monde!N58="","",Monde!N58) | T58: =IF(Monde!P58="","",Monde!P58) | U58: =IF(Monde!Q58="","",Monde!Q58) | V58: =IF(Monde!R58="","",Monde!R58) | W58: =IF(BEN!U58="","",BEN!U58) | X58: =IF(BEN!V58="","",BEN!V58) | Y58: =IF(BEN!W58="","",BEN!W58) | Z58: =IF(BEN!X58="","",BEN!X58) | AA58: =IF(Pays!$E$3="","",Pays!$E$3) -> 1 | AB58: =IF(Pays!$F$3="","",Pays!$F$3) -> 37.5 | AC58: =IF(Pays!$H$3="","",Pays!$H$3) -> 27.4 | AD58: =IF(Annuel!B7="","",Annuel!B7) | AE58: =IF(Annuel!J7="","",Annuel!J7) | AF58: =IF(Annuel!R7="","",Annuel!R7) | AG58: =IF(Annuel!Z7="","",Annuel!Z7) | AH58: =IF(A58>=Parametres!$C$6,"base 2023","avant 2025") -> avant 2025
A59: 2004-09 | B59: BEN | C59: Bénin | D59: =IF(BEN!B59="","",BEN!B59) | E59: =IF(BEN!C59="","",BEN!C59) | F59: =IF(Monde!B59="","",Monde!B59) | G59: =IF(Monde!H59="","",Monde!H59) | H59: =IF(Monde!O59="","",Monde!O59) | I59: =IF(Monde!C59="","",Monde!C59) | J59: =IF(Monde!D59="","",Monde!D59) | K59: =IF(Monde!E59="","",Monde!E59) | L59: =IF(Monde!F59="","",Monde!F59) | M59: =IF(Monde!G59="","",Monde!G59) | N59: =IF(Monde!I59="","",Monde!I59) | O59: =IF(Monde!J59="","",Monde!J59) | P59: =IF(Monde!K59="","",Monde!K59) | Q59: =IF(Monde!L59="","",Monde!L59) | R59: =IF(Monde!M59="","",Monde!M59) | S59: =IF(Monde!N59="","",Monde!N59) | T59: =IF(Monde!P59="","",Monde!P59) | U59: =IF(Monde!Q59="","",Monde!Q59) | V59: =IF(Monde!R59="","",Monde!R59) | W59: =IF(BEN!U59="","",BEN!U59) | X59: =IF(BEN!V59="","",BEN!V59) | Y59: =IF(BEN!W59="","",BEN!W59) | Z59: =IF(BEN!X59="","",BEN!X59) | AA59: =IF(Pays!$E$3="","",Pays!$E$3) -> 1 | AB59: =IF(Pays!$F$3="","",Pays!$F$3) -> 37.5 | AC59: =IF(Pays!$H$3="","",Pays!$H$3) -> 27.4 | AD59: =IF(Annuel!B7="","",Annuel!B7) | AE59: =IF(Annuel!J7="","",Annuel!J7) | AF59: =IF(Annuel!R7="","",Annuel!R7) | AG59: =IF(Annuel!Z7="","",Annuel!Z7) | AH59: =IF(A59>=Parametres!$C$6,"base 2023","avant 2025") -> avant 2025
A60: 2004-10 | B60: BEN | C60: Bénin | D60: =IF(BEN!B60="","",BEN!B60) | E60: =IF(BEN!C60="","",BEN!C60) | F60: =IF(Monde!B60="","",Monde!B60) | G60: =IF(Monde!H60="","",Monde!H60) | H60: =IF(Monde!O60="","",Monde!O60) | I60: =IF(Monde!C60="","",Monde!C60) | J60: =IF(Monde!D60="","",Monde!D60) | K60: =IF(Monde!E60="","",Monde!E60) | L60: =IF(Monde!F60="","",Monde!F60) | M60: =IF(Monde!G60="","",Monde!G60) | N60: =IF(Monde!I60="","",Monde!I60) | O60: =IF(Monde!J60="","",Monde!J60) | P60: =IF(Monde!K60="","",Monde!K60) | Q60: =IF(Monde!L60="","",Monde!L60) | R60: =IF(Monde!M60="","",Monde!M60) | S60: =IF(Monde!N60="","",Monde!N60) | T60: =IF(Monde!P60="","",Monde!P60) | U60: =IF(Monde!Q60="","",Monde!Q60) | V60: =IF(Monde!R60="","",Monde!R60) | W60: =IF(BEN!U60="","",BEN!U60) | X60: =IF(BEN!V60="","",BEN!V60) | Y60: =IF(BEN!W60="","",BEN!W60) | Z60: =IF(BEN!X60="","",BEN!X60) | AA60: =IF(Pays!$E$3="","",Pays!$E$3) -> 1 | AB60: =IF(Pays!$F$3="","",Pays!$F$3) -> 37.5 | AC60: =IF(Pays!$H$3="","",Pays!$H$3) -> 27.4 | AD60: =IF(Annuel!B7="","",Annuel!B7) | AE60: =IF(Annuel!J7="","",Annuel!J7) | AF60: =IF(Annuel!R7="","",Annuel!R7) | AG60: =IF(Annuel!Z7="","",Annuel!Z7) | AH60: =IF(A60>=Parametres!$C$6,"base 2023","avant 2025") -> avant 2025
A61: 2004-11 | B61: BEN | C61: Bénin | D61: =IF(BEN!B61="","",BEN!B61) | E61: =IF(BEN!C61="","",BEN!C61) | F61: =IF(Monde!B61="","",Monde!B61) | G61: =IF(Monde!H61="","",Monde!H61) | H61: =IF(Monde!O61="","",Monde!O61) | I61: =IF(Monde!C61="","",Monde!C61) | J61: =IF(Monde!D61="","",Monde!D61) | K61: =IF(Monde!E61="","",Monde!E61) | L61: =IF(Monde!F61="","",Monde!F61) | M61: =IF(Monde!G61="","",Monde!G61) | N61: =IF(Monde!I61="","",Monde!I61) | O61: =IF(Monde!J61="","",Monde!J61) | P61: =IF(Monde!K61="","",Monde!K61) | Q61: =IF(Monde!L61="","",Monde!L61) | R61: =IF(Monde!M61="","",Monde!M61) | S61: =IF(Monde!N61="","",Monde!N61) | T61: =IF(Monde!P61="","",Monde!P61) | U61: =IF(Monde!Q61="","",Monde!Q61) | V61: =IF(Monde!R61="","",Monde!R61) | W61: =IF(BEN!U61="","",BEN!U61) | X61: =IF(BEN!V61="","",BEN!V61) | Y61: =IF(BEN!W61="","",BEN!W61) | Z61: =IF(BEN!X61="","",BEN!X61) | AA61: =IF(Pays!$E$3="","",Pays!$E$3) -> 1 | AB61: =IF(Pays!$F$3="","",Pays!$F$3) -> 37.5 | AC61: =IF(Pays!$H$3="","",Pays!$H$3) -> 27.4 | AD61: =IF(Annuel!B7="","",Annuel!B7) | AE61: =IF(Annuel!J7="","",Annuel!J7) | AF61: =IF(Annuel!R7="","",Annuel!R7) | AG61: =IF(Annuel!Z7="","",Annuel!Z7) | AH61: =IF(A61>=Parametres!$C$6,"base 2023","avant 2025") -> avant 2025
A62: 2004-12 | B62: BEN | C62: Bénin | D62: =IF(BEN!B62="","",BEN!B62) | E62: =IF(BEN!C62="","",BEN!C62) | F62: =IF(Monde!B62="","",Monde!B62) | G62: =IF(Monde!H62="","",Monde!H62) | H62: =IF(Monde!O62="","",Monde!O62) | I62: =IF(Monde!C62="","",Monde!C62) | J62: =IF(Monde!D62="","",Monde!D62) | K62: =IF(Monde!E62="","",Monde!E62) | L62: =IF(Monde!F62="","",Monde!F62) | M62: =IF(Monde!G62="","",Monde!G62) | N62: =IF(Monde!I62="","",Monde!I62) | O62: =IF(Monde!J62="","",Monde!J62) | P62: =IF(Monde!K62="","",Monde!K62) | Q62: =IF(Monde!L62="","",Monde!L62) | R62: =IF(Monde!M62="","",Monde!M62) | S62: =IF(Monde!N62="","",Monde!N62) | T62: =IF(Monde!P62="","",Monde!P62) | U62: =IF(Monde!Q62="","",Monde!Q62) | V62: =IF(Monde!R62="","",Monde!R62) | W62: =IF(BEN!U62="","",BEN!U62) | X62: =IF(BEN!V62="","",BEN!V62) | Y62: =IF(BEN!W62="","",BEN!W62) | Z62: =IF(BEN!X62="","",BEN!X62) | AA62: =IF(Pays!$E$3="","",Pays!$E$3) -> 1 | AB62: =IF(Pays!$F$3="","",Pays!$F$3) -> 37.5 | AC62: =IF(Pays!$H$3="","",Pays!$H$3) -> 27.4 | AD62: =IF(Annuel!B7="","",Annuel!B7) | AE62: =IF(Annuel!J7="","",Annuel!J7) | AF62: =IF(Annuel!R7="","",Annuel!R7) | AG62: =IF(Annuel!Z7="","",Annuel!Z7) | AH62: =IF(A62>=Parametres!$C$6,"base 2023","avant 2025") -> avant 2025
A63: 2005-01 | B63: BEN | C63: Bénin | D63: =IF(BEN!B63="","",BEN!B63) | E63: =IF(BEN!C63="","",BEN!C63) | F63: =IF(Monde!B63="","",Monde!B63) | G63: =IF(Monde!H63="","",Monde!H63) | H63: =IF(Monde!O63="","",Monde!O63) | I63: =IF(Monde!C63="","",Monde!C63) | J63: =IF(Monde!D63="","",Monde!D63) | K63: =IF(Monde!E63="","",Monde!E63) | L63: =IF(Monde!F63="","",Monde!F63) | M63: =IF(Monde!G63="","",Monde!G63) | N63: =IF(Monde!I63="","",Monde!I63) | O63: =IF(Monde!J63="","",Monde!J63) | P63: =IF(Monde!K63="","",Monde!K63) | Q63: =IF(Monde!L63="","",Monde!L63) | R63: =IF(Monde!M63="","",Monde!M63) | S63: =IF(Monde!N63="","",Monde!N63) | T63: =IF(Monde!P63="","",Monde!P63) | U63: =IF(Monde!Q63="","",Monde!Q63) | V63: =IF(Monde!R63="","",Monde!R63) | W63: =IF(BEN!U63="","",BEN!U63) | X63: =IF(BEN!V63="","",BEN!V63) | Y63: =IF(BEN!W63="","",BEN!W63) | Z63: =IF(BEN!X63="","",BEN!X63) | AA63: =IF(Pays!$E$3="","",Pays!$E$3) -> 1 | AB63: =IF(Pays!$F$3="","",Pays!$F$3) -> 37.5 | AC63: =IF(Pays!$H$3="","",Pays!$H$3) -> 27.4 | AD63: =IF(Annuel!B8="","",Annuel!B8) | AE63: =IF(Annuel!J8="","",Annuel!J8) | AF63: =IF(Annuel!R8="","",Annuel!R8) | AG63: =IF(Annuel!Z8="","",Annuel!Z8) | AH63: =IF(A63>=Parametres!$C$6,"base 2023","avant 2025") -> avant 2025
A64: 2005-02 | B64: BEN | C64: Bénin | D64: =IF(BEN!B64="","",BEN!B64) | E64: =IF(BEN!C64="","",BEN!C64) | F64: =IF(Monde!B64="","",Monde!B64) | G64: =IF(Monde!H64="","",Monde!H64) | H64: =IF(Monde!O64="","",Monde!O64) | I64: =IF(Monde!C64="","",Monde!C64) | J64: =IF(Monde!D64="","",Monde!D64) | K64: =IF(Monde!E64="","",Monde!E64) | L64: =IF(Monde!F64="","",Monde!F64) | M64: =IF(Monde!G64="","",Monde!G64) | N64: =IF(Monde!I64="","",Monde!I64) | O64: =IF(Monde!J64="","",Monde!J64) | P64: =IF(Monde!K64="","",Monde!K64) | Q64: =IF(Monde!L64="","",Monde!L64) | R64: =IF(Monde!M64="","",Monde!M64) | S64: =IF(Monde!N64="","",Monde!N64) | T64: =IF(Monde!P64="","",Monde!P64) | U64: =IF(Monde!Q64="","",Monde!Q64) | V64: =IF(Monde!R64="","",Monde!R64) | W64: =IF(BEN!U64="","",BEN!U64) | X64: =IF(BEN!V64="","",BEN!V64) | Y64: =IF(BEN!W64="","",BEN!W64) | Z64: =IF(BEN!X64="","",BEN!X64) | AA64: =IF(Pays!$E$3="","",Pays!$E$3) -> 1 | AB64: =IF(Pays!$F$3="","",Pays!$F$3) -> 37.5 | AC64: =IF(Pays!$H$3="","",Pays!$H$3) -> 27.4 | AD64: =IF(Annuel!B8="","",Annuel!B8) | AE64: =IF(Annuel!J8="","",Annuel!J8) | AF64: =IF(Annuel!R8="","",Annuel!R8) | AG64: =IF(Annuel!Z8="","",Annuel!Z8) | AH64: =IF(A64>=Parametres!$C$6,"base 2023","avant 2025") -> avant 2025
A65: 2005-03 | B65: BEN | C65: Bénin | D65: =IF(BEN!B65="","",BEN!B65) | E65: =IF(BEN!C65="","",BEN!C65) | F65: =IF(Monde!B65="","",Monde!B65) | G65: =IF(Monde!H65="","",Monde!H65) | H65: =IF(Monde!O65="","",Monde!O65) | I65: =IF(Monde!C65="","",Monde!C65) | J65: =IF(Monde!D65="","",Monde!D65) | K65: =IF(Monde!E65="","",Monde!E65) | L65: =IF(Monde!F65="","",Monde!F65) | M65: =IF(Monde!G65="","",Monde!G65) | N65: =IF(Monde!I65="","",Monde!I65) | O65: =IF(Monde!J65="","",Monde!J65) | P65: =IF(Monde!K65="","",Monde!K65) | Q65: =IF(Monde!L65="","",Monde!L65) | R65: =IF(Monde!M65="","",Monde!M65) | S65: =IF(Monde!N65="","",Monde!N65) | T65: =IF(Monde!P65="","",Monde!P65) | U65: =IF(Monde!Q65="","",Monde!Q65) | V65: =IF(Monde!R65="","",Monde!R65) | W65: =IF(BEN!U65="","",BEN!U65) | X65: =IF(BEN!V65="","",BEN!V65) | Y65: =IF(BEN!W65="","",BEN!W65) | Z65: =IF(BEN!X65="","",BEN!X65) | AA65: =IF(Pays!$E$3="","",Pays!$E$3) -> 1 | AB65: =IF(Pays!$F$3="","",Pays!$F$3) -> 37.5 | AC65: =IF(Pays!$H$3="","",Pays!$H$3) -> 27.4 | AD65: =IF(Annuel!B8="","",Annuel!B8) | AE65: =IF(Annuel!J8="","",Annuel!J8) | AF65: =IF(Annuel!R8="","",Annuel!R8) | AG65: =IF(Annuel!Z8="","",Annuel!Z8) | AH65: =IF(A65>=Parametres!$C$6,"base 2023","avant 2025") -> avant 2025
A66: 2005-04 | B66: BEN | C66: Bénin | D66: =IF(BEN!B66="","",BEN!B66) | E66: =IF(BEN!C66="","",BEN!C66) | F66: =IF(Monde!B66="","",Monde!B66) | G66: =IF(Monde!H66="","",Monde!H66) | H66: =IF(Monde!O66="","",Monde!O66) | I66: =IF(Monde!C66="","",Monde!C66) | J66: =IF(Monde!D66="","",Monde!D66) | K66: =IF(Monde!E66="","",Monde!E66) | L66: =IF(Monde!F66="","",Monde!F66) | M66: =IF(Monde!G66="","",Monde!G66) | N66: =IF(Monde!I66="","",Monde!I66) | O66: =IF(Monde!J66="","",Monde!J66) | P66: =IF(Monde!K66="","",Monde!K66) | Q66: =IF(Monde!L66="","",Monde!L66) | R66: =IF(Monde!M66="","",Monde!M66) | S66: =IF(Monde!N66="","",Monde!N66) | T66: =IF(Monde!P66="","",Monde!P66) | U66: =IF(Monde!Q66="","",Monde!Q66) | V66: =IF(Monde!R66="","",Monde!R66) | W66: =IF(BEN!U66="","",BEN!U66) | X66: =IF(BEN!V66="","",BEN!V66) | Y66: =IF(BEN!W66="","",BEN!W66) | Z66: =IF(BEN!X66="","",BEN!X66) | AA66: =IF(Pays!$E$3="","",Pays!$E$3) -> 1 | AB66: =IF(Pays!$F$3="","",Pays!$F$3) -> 37.5 | AC66: =IF(Pays!$H$3="","",Pays!$H$3) -> 27.4 | AD66: =IF(Annuel!B8="","",Annuel!B8) | AE66: =IF(Annuel!J8="","",Annuel!J8) | AF66: =IF(Annuel!R8="","",Annuel!R8) | AG66: =IF(Annuel!Z8="","",Annuel!Z8) | AH66: =IF(A66>=Parametres!$C$6,"base 2023","avant 2025") -> avant 2025
A67: 2005-05 | B67: BEN | C67: Bénin | D67: =IF(BEN!B67="","",BEN!B67) | E67: =IF(BEN!C67="","",BEN!C67) | F67: =IF(Monde!B67="","",Monde!B67) | G67: =IF(Monde!H67="","",Monde!H67) | H67: =IF(Monde!O67="","",Monde!O67) | I67: =IF(Monde!C67="","",Monde!C67) | J67: =IF(Monde!D67="","",Monde!D67) | K67: =IF(Monde!E67="","",Monde!E67) | L67: =IF(Monde!F67="","",Monde!F67) | M67: =IF(Monde!G67="","",Monde!G67) | N67: =IF(Monde!I67="","",Monde!I67) | O67: =IF(Monde!J67="","",Monde!J67) | P67: =IF(Monde!K67="","",Monde!K67) | Q67: =IF(Monde!L67="","",Monde!L67) | R67: =IF(Monde!M67="","",Monde!M67) | S67: =IF(Monde!N67="","",Monde!N67) | T67: =IF(Monde!P67="","",Monde!P67) | U67: =IF(Monde!Q67="","",Monde!Q67) | V67: =IF(Monde!R67="","",Monde!R67) | W67: =IF(BEN!U67="","",BEN!U67) | X67: =IF(BEN!V67="","",BEN!V67) | Y67: =IF(BEN!W67="","",BEN!W67) | Z67: =IF(BEN!X67="","",BEN!X67) | AA67: =IF(Pays!$E$3="","",Pays!$E$3) -> 1 | AB67: =IF(Pays!$F$3="","",Pays!$F$3) -> 37.5 | AC67: =IF(Pays!$H$3="","",Pays!$H$3) -> 27.4 | AD67: =IF(Annuel!B8="","",Annuel!B8) | AE67: =IF(Annuel!J8="","",Annuel!J8) | AF67: =IF(Annuel!R8="","",Annuel!R8) | AG67: =IF(Annuel!Z8="","",Annuel!Z8) | AH67: =IF(A67>=Parametres!$C$6,"base 2023","avant 2025") -> avant 2025
A68: 2005-06 | B68: BEN | C68: Bénin | D68: =IF(BEN!B68="","",BEN!B68) | E68: =IF(BEN!C68="","",BEN!C68) | F68: =IF(Monde!B68="","",Monde!B68) | G68: =IF(Monde!H68="","",Monde!H68) | H68: =IF(Monde!O68="","",Monde!O68) | I68: =IF(Monde!C68="","",Monde!C68) | J68: =IF(Monde!D68="","",Monde!D68) | K68: =IF(Monde!E68="","",Monde!E68) | L68: =IF(Monde!F68="","",Monde!F68) | M68: =IF(Monde!G68="","",Monde!G68) | N68: =IF(Monde!I68="","",Monde!I68) | O68: =IF(Monde!J68="","",Monde!J68) | P68: =IF(Monde!K68="","",Monde!K68) | Q68: =IF(Monde!L68="","",Monde!L68) | R68: =IF(Monde!M68="","",Monde!M68) | S68: =IF(Monde!N68="","",Monde!N68) | T68: =IF(Monde!P68="","",Monde!P68) | U68: =IF(Monde!Q68="","",Monde!Q68) | V68: =IF(Monde!R68="","",Monde!R68) | W68: =IF(BEN!U68="","",BEN!U68) | X68: =IF(BEN!V68="","",BEN!V68) | Y68: =IF(BEN!W68="","",BEN!W68) | Z68: =IF(BEN!X68="","",BEN!X68) | AA68: =IF(Pays!$E$3="","",Pays!$E$3) -> 1 | AB68: =IF(Pays!$F$3="","",Pays!$F$3) -> 37.5 | AC68: =IF(Pays!$H$3="","",Pays!$H$3) -> 27.4 | AD68: =IF(Annuel!B8="","",Annuel!B8) | AE68: =IF(Annuel!J8="","",Annuel!J8) | AF68: =IF(Annuel!R8="","",Annuel!R8) | AG68: =IF(Annuel!Z8="","",Annuel!Z8) | AH68: =IF(A68>=Parametres!$C$6,"base 2023","avant 2025") -> avant 2025
A69: 2005-07 | B69: BEN | C69: Bénin | D69: =IF(BEN!B69="","",BEN!B69) | E69: =IF(BEN!C69="","",BEN!C69) | F69: =IF(Monde!B69="","",Monde!B69) | G69: =IF(Monde!H69="","",Monde!H69) | H69: =IF(Monde!O69="","",Monde!O69) | I69: =IF(Monde!C69="","",Monde!C69) | J69: =IF(Monde!D69="","",Monde!D69) | K69: =IF(Monde!E69="","",Monde!E69) | L69: =IF(Monde!F69="","",Monde!F69) | M69: =IF(Monde!G69="","",Monde!G69) | N69: =IF(Monde!I69="","",Monde!I69) | O69: =IF(Monde!J69="","",Monde!J69) | P69: =IF(Monde!K69="","",Monde!K69) | Q69: =IF(Monde!L69="","",Monde!L69) | R69: =IF(Monde!M69="","",Monde!M69) | S69: =IF(Monde!N69="","",Monde!N69) | T69: =IF(Monde!P69="","",Monde!P69) | U69: =IF(Monde!Q69="","",Monde!Q69) | V69: =IF(Monde!R69="","",Monde!R69) | W69: =IF(BEN!U69="","",BEN!U69) | X69: =IF(BEN!V69="","",BEN!V69) | Y69: =IF(BEN!W69="","",BEN!W69) | Z69: =IF(BEN!X69="","",BEN!X69) | AA69: =IF(Pays!$E$3="","",Pays!$E$3) -> 1 | AB69: =IF(Pays!$F$3="","",Pays!$F$3) -> 37.5 | AC69: =IF(Pays!$H$3="","",Pays!$H$3) -> 27.4 | AD69: =IF(Annuel!B8="","",Annuel!B8) | AE69: =IF(Annuel!J8="","",Annuel!J8) | AF69: =IF(Annuel!R8="","",Annuel!R8) | AG69: =IF(Annuel!Z8="","",Annuel!Z8) | AH69: =IF(A69>=Parametres!$C$6,"base 2023","avant 2025") -> avant 2025
A70: 2005-08 | B70: BEN | C70: Bénin | D70: =IF(BEN!B70="","",BEN!B70) | E70: =IF(BEN!C70="","",BEN!C70) | F70: =IF(Monde!B70="","",Monde!B70) | G70: =IF(Monde!H70="","",Monde!H70) | H70: =IF(Monde!O70="","",Monde!O70) | I70: =IF(Monde!C70="","",Monde!C70) | J70: =IF(Monde!D70="","",Monde!D70) | K70: =IF(Monde!E70="","",Monde!E70) | L70: =IF(Monde!F70="","",Monde!F70) | M70: =IF(Monde!G70="","",Monde!G70) | N70: =IF(Monde!I70="","",Monde!I70) | O70: =IF(Monde!J70="","",Monde!J70) | P70: =IF(Monde!K70="","",Monde!K70) | Q70: =IF(Monde!L70="","",Monde!L70) | R70: =IF(Monde!M70="","",Monde!M70) | S70: =IF(Monde!N70="","",Monde!N70) | T70: =IF(Monde!P70="","",Monde!P70) | U70: =IF(Monde!Q70="","",Monde!Q70) | V70: =IF(Monde!R70="","",Monde!R70) | W70: =IF(BEN!U70="","",BEN!U70) | X70: =IF(BEN!V70="","",BEN!V70) | Y70: =IF(BEN!W70="","",BEN!W70) | Z70: =IF(BEN!X70="","",BEN!X70) | AA70: =IF(Pays!$E$3="","",Pays!$E$3) -> 1 | AB70: =IF(Pays!$F$3="","",Pays!$F$3) -> 37.5 | AC70: =IF(Pays!$H$3="","",Pays!$H$3) -> 27.4 | AD70: =IF(Annuel!B8="","",Annuel!B8) | AE70: =IF(Annuel!J8="","",Annuel!J8) | AF70: =IF(Annuel!R8="","",Annuel!R8) | AG70: =IF(Annuel!Z8="","",Annuel!Z8) | AH70: =IF(A70>=Parametres!$C$6,"base 2023","avant 2025") -> avant 2025
A71: 2005-09 | B71: BEN | C71: Bénin | D71: =IF(BEN!B71="","",BEN!B71) | E71: =IF(BEN!C71="","",BEN!C71) | F71: =IF(Monde!B71="","",Monde!B71) | G71: =IF(Monde!H71="","",Monde!H71) | H71: =IF(Monde!O71="","",Monde!O71) | I71: =IF(Monde!C71="","",Monde!C71) | J71: =IF(Monde!D71="","",Monde!D71) | K71: =IF(Monde!E71="","",Monde!E71) | L71: =IF(Monde!F71="","",Monde!F71) | M71: =IF(Monde!G71="","",Monde!G71) | N71: =IF(Monde!I71="","",Monde!I71) | O71: =IF(Monde!J71="","",Monde!J71) | P71: =IF(Monde!K71="","",Monde!K71) | Q71: =IF(Monde!L71="","",Monde!L71) | R71: =IF(Monde!M71="","",Monde!M71) | S71: =IF(Monde!N71="","",Monde!N71) | T71: =IF(Monde!P71="","",Monde!P71) | U71: =IF(Monde!Q71="","",Monde!Q71) | V71: =IF(Monde!R71="","",Monde!R71) | W71: =IF(BEN!U71="","",BEN!U71) | X71: =IF(BEN!V71="","",BEN!V71) | Y71: =IF(BEN!W71="","",BEN!W71) | Z71: =IF(BEN!X71="","",BEN!X71) | AA71: =IF(Pays!$E$3="","",Pays!$E$3) -> 1 | AB71: =IF(Pays!$F$3="","",Pays!$F$3) -> 37.5 | AC71: =IF(Pays!$H$3="","",Pays!$H$3) -> 27.4 | AD71: =IF(Annuel!B8="","",Annuel!B8) | AE71: =IF(Annuel!J8="","",Annuel!J8) | AF71: =IF(Annuel!R8="","",Annuel!R8) | AG71: =IF(Annuel!Z8="","",Annuel!Z8) | AH71: =IF(A71>=Parametres!$C$6,"base 2023","avant 2025") -> avant 2025
A72: 2005-10 | B72: BEN | C72: Bénin | D72: =IF(BEN!B72="","",BEN!B72) | E72: =IF(BEN!C72="","",BEN!C72) | F72: =IF(Monde!B72="","",Monde!B72) | G72: =IF(Monde!H72="","",Monde!H72) | H72: =IF(Monde!O72="","",Monde!O72) | I72: =IF(Monde!C72="","",Monde!C72) | J72: =IF(Monde!D72="","",Monde!D72) | K72: =IF(Monde!E72="","",Monde!E72) | L72: =IF(Monde!F72="","",Monde!F72) | M72: =IF(Monde!G72="","",Monde!G72) | N72: =IF(Monde!I72="","",Monde!I72) | O72: =IF(Monde!J72="","",Monde!J72) | P72: =IF(Monde!K72="","",Monde!K72) | Q72: =IF(Monde!L72="","",Monde!L72) | R72: =IF(Monde!M72="","",Monde!M72) | S72: =IF(Monde!N72="","",Monde!N72) | T72: =IF(Monde!P72="","",Monde!P72) | U72: =IF(Monde!Q72="","",Monde!Q72) | V72: =IF(Monde!R72="","",Monde!R72) | W72: =IF(BEN!U72="","",BEN!U72) | X72: =IF(BEN!V72="","",BEN!V72) | Y72: =IF(BEN!W72="","",BEN!W72) | Z72: =IF(BEN!X72="","",BEN!X72) | AA72: =IF(Pays!$E$3="","",Pays!$E$3) -> 1 | AB72: =IF(Pays!$F$3="","",Pays!$F$3) -> 37.5 | AC72: =IF(Pays!$H$3="","",Pays!$H$3) -> 27.4 | AD72: =IF(Annuel!B8="","",Annuel!B8) | AE72: =IF(Annuel!J8="","",Annuel!J8) | AF72: =IF(Annuel!R8="","",Annuel!R8) | AG72: =IF(Annuel!Z8="","",Annuel!Z8) | AH72: =IF(A72>=Parametres!$C$6,"base 2023","avant 2025") -> avant 2025
A73: 2005-11 | B73: BEN | C73: Bénin | D73: =IF(BEN!B73="","",BEN!B73) | E73: =IF(BEN!C73="","",BEN!C73) | F73: =IF(Monde!B73="","",Monde!B73) | G73: =IF(Monde!H73="","",Monde!H73) | H73: =IF(Monde!O73="","",Monde!O73) | I73: =IF(Monde!C73="","",Monde!C73) | J73: =IF(Monde!D73="","",Monde!D73) | K73: =IF(Monde!E73="","",Monde!E73) | L73: =IF(Monde!F73="","",Monde!F73) | M73: =IF(Monde!G73="","",Monde!G73) | N73: =IF(Monde!I73="","",Monde!I73) | O73: =IF(Monde!J73="","",Monde!J73) | P73: =IF(Monde!K73="","",Monde!K73) | Q73: =IF(Monde!L73="","",Monde!L73) | R73: =IF(Monde!M73="","",Monde!M73) | S73: =IF(Monde!N73="","",Monde!N73) | T73: =IF(Monde!P73="","",Monde!P73) | U73: =IF(Monde!Q73="","",Monde!Q73) | V73: =IF(Monde!R73="","",Monde!R73) | W73: =IF(BEN!U73="","",BEN!U73) | X73: =IF(BEN!V73="","",BEN!V73) | Y73: =IF(BEN!W73="","",BEN!W73) | Z73: =IF(BEN!X73="","",BEN!X73) | AA73: =IF(Pays!$E$3="","",Pays!$E$3) -> 1 | AB73: =IF(Pays!$F$3="","",Pays!$F$3) -> 37.5 | AC73: =IF(Pays!$H$3="","",Pays!$H$3) -> 27.4 | AD73: =IF(Annuel!B8="","",Annuel!B8) | AE73: =IF(Annuel!J8="","",Annuel!J8) | AF73: =IF(Annuel!R8="","",Annuel!R8) | AG73: =IF(Annuel!Z8="","",Annuel!Z8) | AH73: =IF(A73>=Parametres!$C$6,"base 2023","avant 2025") -> avant 2025
A74: 2005-12 | B74: BEN | C74: Bénin | D74: =IF(BEN!B74="","",BEN!B74) | E74: =IF(BEN!C74="","",BEN!C74) | F74: =IF(Monde!B74="","",Monde!B74) | G74: =IF(Monde!H74="","",Monde!H74) | H74: =IF(Monde!O74="","",Monde!O74) | I74: =IF(Monde!C74="","",Monde!C74) | J74: =IF(Monde!D74="","",Monde!D74) | K74: =IF(Monde!E74="","",Monde!E74) | L74: =IF(Monde!F74="","",Monde!F74) | M74: =IF(Monde!G74="","",Monde!G74) | N74: =IF(Monde!I74="","",Monde!I74) | O74: =IF(Monde!J74="","",Monde!J74) | P74: =IF(Monde!K74="","",Monde!K74) | Q74: =IF(Monde!L74="","",Monde!L74) | R74: =IF(Monde!M74="","",Monde!M74) | S74: =IF(Monde!N74="","",Monde!N74) | T74: =IF(Monde!P74="","",Monde!P74) | U74: =IF(Monde!Q74="","",Monde!Q74) | V74: =IF(Monde!R74="","",Monde!R74) | W74: =IF(BEN!U74="","",BEN!U74) | X74: =IF(BEN!V74="","",BEN!V74) | Y74: =IF(BEN!W74="","",BEN!W74) | Z74: =IF(BEN!X74="","",BEN!X74) | AA74: =IF(Pays!$E$3="","",Pays!$E$3) -> 1 | AB74: =IF(Pays!$F$3="","",Pays!$F$3) -> 37.5 | AC74: =IF(Pays!$H$3="","",Pays!$H$3) -> 27.4 | AD74: =IF(Annuel!B8="","",Annuel!B8) | AE74: =IF(Annuel!J8="","",Annuel!J8) | AF74: =IF(Annuel!R8="","",Annuel!R8) | AG74: =IF(Annuel!Z8="","",Annuel!Z8) | AH74: =IF(A74>=Parametres!$C$6,"base 2023","avant 2025") -> avant 2025
A75: 2006-01 | B75: BEN | C75: Bénin | D75: =IF(BEN!B75="","",BEN!B75) | E75: =IF(BEN!C75="","",BEN!C75) | F75: =IF(Monde!B75="","",Monde!B75) | G75: =IF(Monde!H75="","",Monde!H75) | H75: =IF(Monde!O75="","",Monde!O75) | I75: =IF(Monde!C75="","",Monde!C75) | J75: =IF(Monde!D75="","",Monde!D75) | K75: =IF(Monde!E75="","",Monde!E75) | L75: =IF(Monde!F75="","",Monde!F75) | M75: =IF(Monde!G75="","",Monde!G75) | N75: =IF(Monde!I75="","",Monde!I75) | O75: =IF(Monde!J75="","",Monde!J75) | P75: =IF(Monde!K75="","",Monde!K75) | Q75: =IF(Monde!L75="","",Monde!L75) | R75: =IF(Monde!M75="","",Monde!M75) | S75: =IF(Monde!N75="","",Monde!N75) | T75: =IF(Monde!P75="","",Monde!P75) | U75: =IF(Monde!Q75="","",Monde!Q75) | V75: =IF(Monde!R75="","",Monde!R75) | W75: =IF(BEN!U75="","",BEN!U75) | X75: =IF(BEN!V75="","",BEN!V75) | Y75: =IF(BEN!W75="","",BEN!W75) | Z75: =IF(BEN!X75="","",BEN!X75) | AA75: =IF(Pays!$E$3="","",Pays!$E$3) -> 1 | AB75: =IF(Pays!$F$3="","",Pays!$F$3) -> 37.5 | AC75: =IF(Pays!$H$3="","",Pays!$H$3) -> 27.4 | AD75: =IF(Annuel!B9="","",Annuel!B9) | AE75: =IF(Annuel!J9="","",Annuel!J9) | AF75: =IF(Annuel!R9="","",Annuel!R9) | AG75: =IF(Annuel!Z9="","",Annuel!Z9) | AH75: =IF(A75>=Parametres!$C$6,"base 2023","avant 2025") -> avant 2025
A76: 2006-02 | B76: BEN | C76: Bénin | D76: =IF(BEN!B76="","",BEN!B76) | E76: =IF(BEN!C76="","",BEN!C76) | F76: =IF(Monde!B76="","",Monde!B76) | G76: =IF(Monde!H76="","",Monde!H76) | H76: =IF(Monde!O76="","",Monde!O76) | I76: =IF(Monde!C76="","",Monde!C76) | J76: =IF(Monde!D76="","",Monde!D76) | K76: =IF(Monde!E76="","",Monde!E76) | L76: =IF(Monde!F76="","",Monde!F76) | M76: =IF(Monde!G76="","",Monde!G76) | N76: =IF(Monde!I76="","",Monde!I76) | O76: =IF(Monde!J76="","",Monde!J76) | P76: =IF(Monde!K76="","",Monde!K76) | Q76: =IF(Monde!L76="","",Monde!L76) | R76: =IF(Monde!M76="","",Monde!M76) | S76: =IF(Monde!N76="","",Monde!N76) | T76: =IF(Monde!P76="","",Monde!P76) | U76: =IF(Monde!Q76="","",Monde!Q76) | V76: =IF(Monde!R76="","",Monde!R76) | W76: =IF(BEN!U76="","",BEN!U76) | X76: =IF(BEN!V76="","",BEN!V76) | Y76: =IF(BEN!W76="","",BEN!W76) | Z76: =IF(BEN!X76="","",BEN!X76) | AA76: =IF(Pays!$E$3="","",Pays!$E$3) -> 1 | AB76: =IF(Pays!$F$3="","",Pays!$F$3) -> 37.5 | AC76: =IF(Pays!$H$3="","",Pays!$H$3) -> 27.4 | AD76: =IF(Annuel!B9="","",Annuel!B9) | AE76: =IF(Annuel!J9="","",Annuel!J9) | AF76: =IF(Annuel!R9="","",Annuel!R9) | AG76: =IF(Annuel!Z9="","",Annuel!Z9) | AH76: =IF(A76>=Parametres!$C$6,"base 2023","avant 2025") -> avant 2025
A77: 2006-03 | B77: BEN | C77: Bénin | D77: =IF(BEN!B77="","",BEN!B77) | E77: =IF(BEN!C77="","",BEN!C77) | F77: =IF(Monde!B77="","",Monde!B77) | G77: =IF(Monde!H77="","",Monde!H77) | H77: =IF(Monde!O77="","",Monde!O77) | I77: =IF(Monde!C77="","",Monde!C77) | J77: =IF(Monde!D77="","",Monde!D77) | K77: =IF(Monde!E77="","",Monde!E77) | L77: =IF(Monde!F77="","",Monde!F77) | M77: =IF(Monde!G77="","",Monde!G77) | N77: =IF(Monde!I77="","",Monde!I77) | O77: =IF(Monde!J77="","",Monde!J77) | P77: =IF(Monde!K77="","",Monde!K77) | Q77: =IF(Monde!L77="","",Monde!L77) | R77: =IF(Monde!M77="","",Monde!M77) | S77: =IF(Monde!N77="","",Monde!N77) | T77: =IF(Monde!P77="","",Monde!P77) | U77: =IF(Monde!Q77="","",Monde!Q77) | V77: =IF(Monde!R77="","",Monde!R77) | W77: =IF(BEN!U77="","",BEN!U77) | X77: =IF(BEN!V77="","",BEN!V77) | Y77: =IF(BEN!W77="","",BEN!W77) | Z77: =IF(BEN!X77="","",BEN!X77) | AA77: =IF(Pays!$E$3="","",Pays!$E$3) -> 1 | AB77: =IF(Pays!$F$3="","",Pays!$F$3) -> 37.5 | AC77: =IF(Pays!$H$3="","",Pays!$H$3) -> 27.4 | AD77: =IF(Annuel!B9="","",Annuel!B9) | AE77: =IF(Annuel!J9="","",Annuel!J9) | AF77: =IF(Annuel!R9="","",Annuel!R9) | AG77: =IF(Annuel!Z9="","",Annuel!Z9) | AH77: =IF(A77>=Parametres!$C$6,"base 2023","avant 2025") -> avant 2025
A78: 2006-04 | B78: BEN | C78: Bénin | D78: =IF(BEN!B78="","",BEN!B78) | E78: =IF(BEN!C78="","",BEN!C78) | F78: =IF(Monde!B78="","",Monde!B78) | G78: =IF(Monde!H78="","",Monde!H78) | H78: =IF(Monde!O78="","",Monde!O78) | I78: =IF(Monde!C78="","",Monde!C78) | J78: =IF(Monde!D78="","",Monde!D78) | K78: =IF(Monde!E78="","",Monde!E78) | L78: =IF(Monde!F78="","",Monde!F78) | M78: =IF(Monde!G78="","",Monde!G78) | N78: =IF(Monde!I78="","",Monde!I78) | O78: =IF(Monde!J78="","",Monde!J78) | P78: =IF(Monde!K78="","",Monde!K78) | Q78: =IF(Monde!L78="","",Monde!L78) | R78: =IF(Monde!M78="","",Monde!M78) | S78: =IF(Monde!N78="","",Monde!N78) | T78: =IF(Monde!P78="","",Monde!P78) | U78: =IF(Monde!Q78="","",Monde!Q78) | V78: =IF(Monde!R78="","",Monde!R78) | W78: =IF(BEN!U78="","",BEN!U78) | X78: =IF(BEN!V78="","",BEN!V78) | Y78: =IF(BEN!W78="","",BEN!W78) | Z78: =IF(BEN!X78="","",BEN!X78) | AA78: =IF(Pays!$E$3="","",Pays!$E$3) -> 1 | AB78: =IF(Pays!$F$3="","",Pays!$F$3) -> 37.5 | AC78: =IF(Pays!$H$3="","",Pays!$H$3) -> 27.4 | AD78: =IF(Annuel!B9="","",Annuel!B9) | AE78: =IF(Annuel!J9="","",Annuel!J9) | AF78: =IF(Annuel!R9="","",Annuel!R9) | AG78: =IF(Annuel!Z9="","",Annuel!Z9) | AH78: =IF(A78>=Parametres!$C$6,"base 2023","avant 2025") -> avant 2025
A79: 2006-05 | B79: BEN | C79: Bénin | D79: =IF(BEN!B79="","",BEN!B79) | E79: =IF(BEN!C79="","",BEN!C79) | F79: =IF(Monde!B79="","",Monde!B79) | G79: =IF(Monde!H79="","",Monde!H79) | H79: =IF(Monde!O79="","",Monde!O79) | I79: =IF(Monde!C79="","",Monde!C79) | J79: =IF(Monde!D79="","",Monde!D79) | K79: =IF(Monde!E79="","",Monde!E79) | L79: =IF(Monde!F79="","",Monde!F79) | M79: =IF(Monde!G79="","",Monde!G79) | N79: =IF(Monde!I79="","",Monde!I79) | O79: =IF(Monde!J79="","",Monde!J79) | P79: =IF(Monde!K79="","",Monde!K79) | Q79: =IF(Monde!L79="","",Monde!L79) | R79: =IF(Monde!M79="","",Monde!M79) | S79: =IF(Monde!N79="","",Monde!N79) | T79: =IF(Monde!P79="","",Monde!P79) | U79: =IF(Monde!Q79="","",Monde!Q79) | V79: =IF(Monde!R79="","",Monde!R79) | W79: =IF(BEN!U79="","",BEN!U79) | X79: =IF(BEN!V79="","",BEN!V79) | Y79: =IF(BEN!W79="","",BEN!W79) | Z79: =IF(BEN!X79="","",BEN!X79) | AA79: =IF(Pays!$E$3="","",Pays!$E$3) -> 1 | AB79: =IF(Pays!$F$3="","",Pays!$F$3) -> 37.5 | AC79: =IF(Pays!$H$3="","",Pays!$H$3) -> 27.4 | AD79: =IF(Annuel!B9="","",Annuel!B9) | AE79: =IF(Annuel!J9="","",Annuel!J9) | AF79: =IF(Annuel!R9="","",Annuel!R9) | AG79: =IF(Annuel!Z9="","",Annuel!Z9) | AH79: =IF(A79>=Parametres!$C$6,"base 2023","avant 2025") -> avant 2025
A80: 2006-06 | B80: BEN | C80: Bénin | D80: =IF(BEN!B80="","",BEN!B80) | E80: =IF(BEN!C80="","",BEN!C80) | F80: =IF(Monde!B80="","",Monde!B80) | G80: =IF(Monde!H80="","",Monde!H80) | H80: =IF(Monde!O80="","",Monde!O80) | I80: =IF(Monde!C80="","",Monde!C80) | J80: =IF(Monde!D80="","",Monde!D80) | K80: =IF(Monde!E80="","",Monde!E80) | L80: =IF(Monde!F80="","",Monde!F80) | M80: =IF(Monde!G80="","",Monde!G80) | N80: =IF(Monde!I80="","",Monde!I80) | O80: =IF(Monde!J80="","",Monde!J80) | P80: =IF(Monde!K80="","",Monde!K80) | Q80: =IF(Monde!L80="","",Monde!L80) | R80: =IF(Monde!M80="","",Monde!M80) | S80: =IF(Monde!N80="","",Monde!N80) | T80: =IF(Monde!P80="","",Monde!P80) | U80: =IF(Monde!Q80="","",Monde!Q80) | V80: =IF(Monde!R80="","",Monde!R80) | W80: =IF(BEN!U80="","",BEN!U80) | X80: =IF(BEN!V80="","",BEN!V80) | Y80: =IF(BEN!W80="","",BEN!W80) | Z80: =IF(BEN!X80="","",BEN!X80) | AA80: =IF(Pays!$E$3="","",Pays!$E$3) -> 1 | AB80: =IF(Pays!$F$3="","",Pays!$F$3) -> 37.5 | AC80: =IF(Pays!$H$3="","",Pays!$H$3) -> 27.4 | AD80: =IF(Annuel!B9="","",Annuel!B9) | AE80: =IF(Annuel!J9="","",Annuel!J9) | AF80: =IF(Annuel!R9="","",Annuel!R9) | AG80: =IF(Annuel!Z9="","",Annuel!Z9) | AH80: =IF(A80>=Parametres!$C$6,"base 2023","avant 2025") -> avant 2025
A81: 2006-07 | B81: BEN | C81: Bénin | D81: =IF(BEN!B81="","",BEN!B81) | E81: =IF(BEN!C81="","",BEN!C81) | F81: =IF(Monde!B81="","",Monde!B81) | G81: =IF(Monde!H81="","",Monde!H81) | H81: =IF(Monde!O81="","",Monde!O81) | I81: =IF(Monde!C81="","",Monde!C81) | J81: =IF(Monde!D81="","",Monde!D81) | K81: =IF(Monde!E81="","",Monde!E81) | L81: =IF(Monde!F81="","",Monde!F81) | M81: =IF(Monde!G81="","",Monde!G81) | N81: =IF(Monde!I81="","",Monde!I81) | O81: =IF(Monde!J81="","",Monde!J81) | P81: =IF(Monde!K81="","",Monde!K81) | Q81: =IF(Monde!L81="","",Monde!L81) | R81: =IF(Monde!M81="","",Monde!M81) | S81: =IF(Monde!N81="","",Monde!N81) | T81: =IF(Monde!P81="","",Monde!P81) | U81: =IF(Monde!Q81="","",Monde!Q81) | V81: =IF(Monde!R81="","",Monde!R81) | W81: =IF(BEN!U81="","",BEN!U81) | X81: =IF(BEN!V81="","",BEN!V81) | Y81: =IF(BEN!W81="","",BEN!W81) | Z81: =IF(BEN!X81="","",BEN!X81) | AA81: =IF(Pays!$E$3="","",Pays!$E$3) -> 1 | AB81: =IF(Pays!$F$3="","",Pays!$F$3) -> 37.5 | AC81: =IF(Pays!$H$3="","",Pays!$H$3) -> 27.4 | AD81: =IF(Annuel!B9="","",Annuel!B9) | AE81: =IF(Annuel!J9="","",Annuel!J9) | AF81: =IF(Annuel!R9="","",Annuel!R9) | AG81: =IF(Annuel!Z9="","",Annuel!Z9) | AH81: =IF(A81>=Parametres!$C$6,"base 2023","avant 2025") -> avant 2025
A82: 2006-08 | B82: BEN | C82: Bénin | D82: =IF(BEN!B82="","",BEN!B82) | E82: =IF(BEN!C82="","",BEN!C82) | F82: =IF(Monde!B82="","",Monde!B82) | G82: =IF(Monde!H82="","",Monde!H82) | H82: =IF(Monde!O82="","",Monde!O82) | I82: =IF(Monde!C82="","",Monde!C82) | J82: =IF(Monde!D82="","",Monde!D82) | K82: =IF(Monde!E82="","",Monde!E82) | L82: =IF(Monde!F82="","",Monde!F82) | M82: =IF(Monde!G82="","",Monde!G82) | N82: =IF(Monde!I82="","",Monde!I82) | O82: =IF(Monde!J82="","",Monde!J82) | P82: =IF(Monde!K82="","",Monde!K82) | Q82: =IF(Monde!L82="","",Monde!L82) | R82: =IF(Monde!M82="","",Monde!M82) | S82: =IF(Monde!N82="","",Monde!N82) | T82: =IF(Monde!P82="","",Monde!P82) | U82: =IF(Monde!Q82="","",Monde!Q82) | V82: =IF(Monde!R82="","",Monde!R82) | W82: =IF(BEN!U82="","",BEN!U82) | X82: =IF(BEN!V82="","",BEN!V82) | Y82: =IF(BEN!W82="","",BEN!W82) | Z82: =IF(BEN!X82="","",BEN!X82) | AA82: =IF(Pays!$E$3="","",Pays!$E$3) -> 1 | AB82: =IF(Pays!$F$3="","",Pays!$F$3) -> 37.5 | AC82: =IF(Pays!$H$3="","",Pays!$H$3) -> 27.4 | AD82: =IF(Annuel!B9="","",Annuel!B9) | AE82: =IF(Annuel!J9="","",Annuel!J9) | AF82: =IF(Annuel!R9="","",Annuel!R9) | AG82: =IF(Annuel!Z9="","",Annuel!Z9) | AH82: =IF(A82>=Parametres!$C$6,"base 2023","avant 2025") -> avant 2025
A83: 2006-09 | B83: BEN | C83: Bénin | D83: =IF(BEN!B83="","",BEN!B83) | E83: =IF(BEN!C83="","",BEN!C83) | F83: =IF(Monde!B83="","",Monde!B83) | G83: =IF(Monde!H83="","",Monde!H83) | H83: =IF(Monde!O83="","",Monde!O83) | I83: =IF(Monde!C83="","",Monde!C83) | J83: =IF(Monde!D83="","",Monde!D83) | K83: =IF(Monde!E83="","",Monde!E83) | L83: =IF(Monde!F83="","",Monde!F83) | M83: =IF(Monde!G83="","",Monde!G83) | N83: =IF(Monde!I83="","",Monde!I83) | O83: =IF(Monde!J83="","",Monde!J83) | P83: =IF(Monde!K83="","",Monde!K83) | Q83: =IF(Monde!L83="","",Monde!L83) | R83: =IF(Monde!M83="","",Monde!M83) | S83: =IF(Monde!N83="","",Monde!N83) | T83: =IF(Monde!P83="","",Monde!P83) | U83: =IF(Monde!Q83="","",Monde!Q83) | V83: =IF(Monde!R83="","",Monde!R83) | W83: =IF(BEN!U83="","",BEN!U83) | X83: =IF(BEN!V83="","",BEN!V83) | Y83: =IF(BEN!W83="","",BEN!W83) | Z83: =IF(BEN!X83="","",BEN!X83) | AA83: =IF(Pays!$E$3="","",Pays!$E$3) -> 1 | AB83: =IF(Pays!$F$3="","",Pays!$F$3) -> 37.5 | AC83: =IF(Pays!$H$3="","",Pays!$H$3) -> 27.4 | AD83: =IF(Annuel!B9="","",Annuel!B9) | AE83: =IF(Annuel!J9="","",Annuel!J9) | AF83: =IF(Annuel!R9="","",Annuel!R9) | AG83: =IF(Annuel!Z9="","",Annuel!Z9) | AH83: =IF(A83>=Parametres!$C$6,"base 2023","avant 2025") -> avant 2025
A84: 2006-10 | B84: BEN | C84: Bénin | D84: =IF(BEN!B84="","",BEN!B84) | E84: =IF(BEN!C84="","",BEN!C84) | F84: =IF(Monde!B84="","",Monde!B84) | G84: =IF(Monde!H84="","",Monde!H84) | H84: =IF(Monde!O84="","",Monde!O84) | I84: =IF(Monde!C84="","",Monde!C84) | J84: =IF(Monde!D84="","",Monde!D84) | K84: =IF(Monde!E84="","",Monde!E84) | L84: =IF(Monde!F84="","",Monde!F84) | M84: =IF(Monde!G84="","",Monde!G84) | N84: =IF(Monde!I84="","",Monde!I84) | O84: =IF(Monde!J84="","",Monde!J84) | P84: =IF(Monde!K84="","",Monde!K84) | Q84: =IF(Monde!L84="","",Monde!L84) | R84: =IF(Monde!M84="","",Monde!M84) | S84: =IF(Monde!N84="","",Monde!N84) | T84: =IF(Monde!P84="","",Monde!P84) | U84: =IF(Monde!Q84="","",Monde!Q84) | V84: =IF(Monde!R84="","",Monde!R84) | W84: =IF(BEN!U84="","",BEN!U84) | X84: =IF(BEN!V84="","",BEN!V84) | Y84: =IF(BEN!W84="","",BEN!W84) | Z84: =IF(BEN!X84="","",BEN!X84) | AA84: =IF(Pays!$E$3="","",Pays!$E$3) -> 1 | AB84: =IF(Pays!$F$3="","",Pays!$F$3) -> 37.5 | AC84: =IF(Pays!$H$3="","",Pays!$H$3) -> 27.4 | AD84: =IF(Annuel!B9="","",Annuel!B9) | AE84: =IF(Annuel!J9="","",Annuel!J9) | AF84: =IF(Annuel!R9="","",Annuel!R9) | AG84: =IF(Annuel!Z9="","",Annuel!Z9) | AH84: =IF(A84>=Parametres!$C$6,"base 2023","avant 2025") -> avant 2025
A85: 2006-11 | B85: BEN | C85: Bénin | D85: =IF(BEN!B85="","",BEN!B85) | E85: =IF(BEN!C85="","",BEN!C85) | F85: =IF(Monde!B85="","",Monde!B85) | G85: =IF(Monde!H85="","",Monde!H85) | H85: =IF(Monde!O85="","",Monde!O85) | I85: =IF(Monde!C85="","",Monde!C85) | J85: =IF(Monde!D85="","",Monde!D85) | K85: =IF(Monde!E85="","",Monde!E85) | L85: =IF(Monde!F85="","",Monde!F85) | M85: =IF(Monde!G85="","",Monde!G85) | N85: =IF(Monde!I85="","",Monde!I85) | O85: =IF(Monde!J85="","",Monde!J85) | P85: =IF(Monde!K85="","",Monde!K85) | Q85: =IF(Monde!L85="","",Monde!L85) | R85: =IF(Monde!M85="","",Monde!M85) | S85: =IF(Monde!N85="","",Monde!N85) | T85: =IF(Monde!P85="","",Monde!P85) | U85: =IF(Monde!Q85="","",Monde!Q85) | V85: =IF(Monde!R85="","",Monde!R85) | W85: =IF(BEN!U85="","",BEN!U85) | X85: =IF(BEN!V85="","",BEN!V85) | Y85: =IF(BEN!W85="","",BEN!W85) | Z85: =IF(BEN!X85="","",BEN!X85) | AA85: =IF(Pays!$E$3="","",Pays!$E$3) -> 1 | AB85: =IF(Pays!$F$3="","",Pays!$F$3) -> 37.5 | AC85: =IF(Pays!$H$3="","",Pays!$H$3) -> 27.4 | AD85: =IF(Annuel!B9="","",Annuel!B9) | AE85: =IF(Annuel!J9="","",Annuel!J9) | AF85: =IF(Annuel!R9="","",Annuel!R9) | AG85: =IF(Annuel!Z9="","",Annuel!Z9) | AH85: =IF(A85>=Parametres!$C$6,"base 2023","avant 2025") -> avant 2025
A86: 2006-12 | B86: BEN | C86: Bénin | D86: =IF(BEN!B86="","",BEN!B86) | E86: =IF(BEN!C86="","",BEN!C86) | F86: =IF(Monde!B86="","",Monde!B86) | G86: =IF(Monde!H86="","",Monde!H86) | H86: =IF(Monde!O86="","",Monde!O86) | I86: =IF(Monde!C86="","",Monde!C86) | J86: =IF(Monde!D86="","",Monde!D86) | K86: =IF(Monde!E86="","",Monde!E86) | L86: =IF(Monde!F86="","",Monde!F86) | M86: =IF(Monde!G86="","",Monde!G86) | N86: =IF(Monde!I86="","",Monde!I86) | O86: =IF(Monde!J86="","",Monde!J86) | P86: =IF(Monde!K86="","",Monde!K86) | Q86: =IF(Monde!L86="","",Monde!L86) | R86: =IF(Monde!M86="","",Monde!M86) | S86: =IF(Monde!N86="","",Monde!N86) | T86: =IF(Monde!P86="","",Monde!P86) | U86: =IF(Monde!Q86="","",Monde!Q86) | V86: =IF(Monde!R86="","",Monde!R86) | W86: =IF(BEN!U86="","",BEN!U86) | X86: =IF(BEN!V86="","",BEN!V86) | Y86: =IF(BEN!W86="","",BEN!W86) | Z86: =IF(BEN!X86="","",BEN!X86) | AA86: =IF(Pays!$E$3="","",Pays!$E$3) -> 1 | AB86: =IF(Pays!$F$3="","",Pays!$F$3) -> 37.5 | AC86: =IF(Pays!$H$3="","",Pays!$H$3) -> 27.4 | AD86: =IF(Annuel!B9="","",Annuel!B9) | AE86: =IF(Annuel!J9="","",Annuel!J9) | AF86: =IF(Annuel!R9="","",Annuel!R9) | AG86: =IF(Annuel!Z9="","",Annuel!Z9) | AH86: =IF(A86>=Parametres!$C$6,"base 2023","avant 2025") -> avant 2025
